commentary	lang	page	region	word_count	split	excluded-from-sampling	OLR-problems	annotated	annotator	remarks
cu31924087948174	en	0010	preface	265		FALSE	FALSE	TRUE	CA	
cu31924087948174	en	0011	preface	357		FALSE	FALSE	FALSE		
cu31924087948174	en	0012	preface	344		FALSE	FALSE	FALSE		
cu31924087948174	en	0014	preface	309		FALSE	FALSE	FALSE		
cu31924087948174	en	0016	preface	321		FALSE	FALSE	FALSE		
cu31924087948174	en	0022	preface	357		FALSE	FALSE	FALSE		
cu31924087948174	en	0023	preface	277		FALSE	FALSE	FALSE		
cu31924087948174	en	0028	preface	308		FALSE	FALSE	FALSE		
cu31924087948174	en	0034	introduction	303		FALSE	FALSE	FALSE		
cu31924087948174	en	0035	introduction	517	mini-ref	FALSE	FALSE	TRUE	all	
cu31924087948174	en	0036	introduction	444		FALSE	FALSE	FALSE		
cu31924087948174	en	0037	introduction	502		FALSE	FALSE	FALSE		
cu31924087948174	en	0038	introduction	558		FALSE	FALSE	FALSE		
cu31924087948174	en	0039	introduction	519		FALSE	FALSE	FALSE		
cu31924087948174	en	0040	introduction	461		FALSE	FALSE	FALSE		
cu31924087948174	en	0041	introduction	362		FALSE	FALSE	FALSE		
cu31924087948174	en	0044	commentary	440		FALSE	FALSE	FALSE		
cu31924087948174	en	0045	commentary	317		FALSE	FALSE	FALSE		
cu31924087948174	en	0046	commentary	414		FALSE	FALSE	FALSE		
cu31924087948174	en	0047	commentary	487		FALSE	FALSE	FALSE		
cu31924087948174	en	0048	commentary	374		FALSE	FALSE	FALSE		
cu31924087948174	en	0049	commentary	354		FALSE	FALSE	FALSE		
cu31924087948174	en	0050	commentary	366		FALSE	FALSE	FALSE		
cu31924087948174	en	0051	commentary	337		FALSE	FALSE	FALSE		
cu31924087948174	en	0052	commentary	317		FALSE	FALSE	FALSE		
cu31924087948174	en	0053	commentary	365		FALSE	FALSE	FALSE		
cu31924087948174	en	0054	commentary	416		FALSE	FALSE	FALSE		
cu31924087948174	en	0055	commentary	396		FALSE	FALSE	FALSE		
cu31924087948174	en	0056	commentary	374		FALSE	FALSE	FALSE		
cu31924087948174	en	0057	commentary	273		FALSE	FALSE	FALSE		
cu31924087948174	en	0058	commentary	485		FALSE	FALSE	FALSE		
cu31924087948174	en	0059	commentary	530		FALSE	FALSE	FALSE		
cu31924087948174	en	0060	commentary	432		FALSE	FALSE	FALSE		
cu31924087948174	en	0061	commentary	426		FALSE	FALSE	FALSE		
cu31924087948174	en	0062	commentary	292		FALSE	FALSE	FALSE		
cu31924087948174	en	0063	commentary	416	mini-ref	FALSE	FALSE	TRUE	all	
cu31924087948174	en	0064	commentary	403		FALSE	FALSE	FALSE		
cu31924087948174	en	0065	commentary	433		FALSE	FALSE	FALSE		
cu31924087948174	en	0066	commentary	275		FALSE	FALSE	FALSE		
cu31924087948174	en	0067	commentary	322		FALSE	FALSE	FALSE		
cu31924087948174	en	0068	commentary	366		FALSE	TRUE	FALSE	CA	Bout de phrase manquant, puis se retrouve au milieu d'une autre phrase
cu31924087948174	en	0069	commentary	354		FALSE	FALSE	FALSE		
cu31924087948174	en	0070	commentary	308		FALSE	FALSE	FALSE		
cu31924087948174	en	0071	commentary	425		FALSE	FALSE	FALSE		
cu31924087948174	en	0072	commentary	119		FALSE	FALSE	FALSE		
cu31924087948174	en	0073	commentary	470		FALSE	FALSE	FALSE		
cu31924087948174	en	0074	commentary	400		FALSE	FALSE	FALSE		
cu31924087948174	en	0075	commentary	487		FALSE	FALSE	FALSE		
cu31924087948174	en	0076	commentary	315		FALSE	FALSE	FALSE		
cu31924087948174	en	0077	commentary	453		FALSE	FALSE	FALSE		
cu31924087948174	en	0078	commentary	284		FALSE	FALSE	FALSE		
cu31924087948174	en	0079	commentary	509		FALSE	FALSE	FALSE		
cu31924087948174	en	0080	commentary	396		FALSE	FALSE	FALSE		
cu31924087948174	en	0081	commentary	290		FALSE	FALSE	FALSE		
cu31924087948174	en	0082	commentary	514		FALSE	FALSE	FALSE		
cu31924087948174	en	0083	commentary	337		FALSE	FALSE	FALSE		
cu31924087948174	en	0084	commentary	397		FALSE	FALSE	FALSE		
cu31924087948174	en	0085	commentary	348		FALSE	FALSE	FALSE		
cu31924087948174	en	0086	commentary	323		FALSE	FALSE	FALSE		
cu31924087948174	en	0087	commentary	352		FALSE	FALSE	FALSE		
cu31924087948174	en	0088	commentary	317		FALSE	FALSE	FALSE		
cu31924087948174	en	0089	commentary	355		FALSE	FALSE	FALSE		
cu31924087948174	en	0090	commentary	308		FALSE	FALSE	FALSE		
cu31924087948174	en	0091	commentary	270		FALSE	FALSE	FALSE		
cu31924087948174	en	0092	commentary	477		FALSE	FALSE	FALSE		
cu31924087948174	en	0093	commentary	403		FALSE	FALSE	FALSE		
cu31924087948174	en	0094	commentary	375		FALSE	FALSE	FALSE		
cu31924087948174	en	0095	commentary	619		FALSE	FALSE	FALSE		
cu31924087948174	en	0096	commentary	530		FALSE	FALSE	FALSE		
cu31924087948174	en	0097	commentary	381		FALSE	FALSE	FALSE		
cu31924087948174	en	0098	commentary	516		FALSE	FALSE	FALSE		
cu31924087948174	en	0099	commentary	403		FALSE	FALSE	FALSE		
cu31924087948174	en	0100	commentary	419		FALSE	FALSE	FALSE		
cu31924087948174	en	0101	commentary	411		FALSE	FALSE	FALSE		
cu31924087948174	en	0102	commentary	341		FALSE	FALSE	FALSE		
cu31924087948174	en	0103	commentary	333		FALSE	FALSE	FALSE		
cu31924087948174	en	0104	commentary	359		FALSE	FALSE	FALSE		
cu31924087948174	en	0105	commentary	354		FALSE	FALSE	FALSE		
cu31924087948174	en	0106	commentary	406		FALSE	FALSE	FALSE		
cu31924087948174	en	0107	commentary	323		FALSE	FALSE	FALSE		
cu31924087948174	en	0108	commentary	371		FALSE	FALSE	TRUE	CA	
cu31924087948174	en	0109	commentary	444		FALSE	FALSE	FALSE		
cu31924087948174	en	0110	commentary	318		FALSE	FALSE	FALSE		
cu31924087948174	en	0111	commentary	367		FALSE	FALSE	FALSE		
cu31924087948174	en	0112	commentary	365		FALSE	FALSE	FALSE		
cu31924087948174	en	0113	commentary	395		FALSE	FALSE	FALSE		
cu31924087948174	en	0114	commentary	194		FALSE	FALSE	FALSE		
cu31924087948174	en	0115	commentary	352		FALSE	FALSE	FALSE		
cu31924087948174	en	0116	commentary	298		FALSE	FALSE	FALSE		
cu31924087948174	en	0117	commentary	438		FALSE	FALSE	FALSE		
cu31924087948174	en	0118	commentary	316		FALSE	FALSE	FALSE		
cu31924087948174	en	0119	commentary	404		FALSE	FALSE	FALSE		
cu31924087948174	en	0120	commentary	369		FALSE	FALSE	FALSE		
cu31924087948174	en	0121	commentary	338		FALSE	FALSE	FALSE		
cu31924087948174	en	0122	commentary	348		FALSE	FALSE	FALSE		
cu31924087948174	en	0123	commentary	411		FALSE	FALSE	FALSE		
cu31924087948174	en	0124	commentary	416		FALSE	FALSE	FALSE		
cu31924087948174	en	0125	commentary	397		FALSE	FALSE	FALSE		
cu31924087948174	en	0126	commentary	288		FALSE	FALSE	FALSE		
cu31924087948174	en	0127	commentary	306		FALSE	FALSE	FALSE		
cu31924087948174	en	0128	commentary	381		FALSE	FALSE	FALSE		
cu31924087948174	en	0129	commentary	473		FALSE	FALSE	FALSE		
cu31924087948174	en	0130	commentary	286		FALSE	FALSE	FALSE		
cu31924087948174	en	0131	commentary	394		FALSE	FALSE	FALSE		
cu31924087948174	en	0132	commentary	345		FALSE	FALSE	FALSE		
cu31924087948174	en	0133	commentary	344		FALSE	FALSE	FALSE		
cu31924087948174	en	0134	commentary	232		FALSE	FALSE	FALSE		
cu31924087948174	en	0135	commentary	410		FALSE	FALSE	FALSE		
cu31924087948174	en	0136	commentary	238		FALSE	FALSE	FALSE		
cu31924087948174	en	0137	commentary	437		FALSE	FALSE	FALSE		
cu31924087948174	en	0138	commentary	310		FALSE	FALSE	FALSE		
cu31924087948174	en	0139	commentary	296		FALSE	FALSE	FALSE		
cu31924087948174	en	0140	commentary	300		FALSE	FALSE	FALSE		
cu31924087948174	en	0141	commentary	375		FALSE	FALSE	FALSE		
cu31924087948174	en	0142	commentary	294		FALSE	FALSE	FALSE		
cu31924087948174	en	0143	commentary	460		FALSE	FALSE	FALSE		
cu31924087948174	en	0144	commentary	424		FALSE	FALSE	FALSE		
cu31924087948174	en	0145	commentary	354		FALSE	FALSE	TRUE	CA	
cu31924087948174	en	0146	commentary	445		FALSE	FALSE	FALSE		
cu31924087948174	en	0147	commentary	335		FALSE	FALSE	FALSE		
cu31924087948174	en	0148	commentary	355		FALSE	FALSE	FALSE		
cu31924087948174	en	0149	commentary	394		FALSE	FALSE	FALSE		
cu31924087948174	en	0150	commentary	385		FALSE	FALSE	FALSE		
cu31924087948174	en	0151	commentary	242		FALSE	FALSE	FALSE		
cu31924087948174	en	0152	commentary	419		FALSE	FALSE	FALSE		
cu31924087948174	en	0153	commentary	215		FALSE	FALSE	FALSE		
sophoclesplaysa05campgoog	en	0014	introduction	198	mini-ref	FALSE	FALSE	TRUE	all	
sophoclesplaysa05campgoog	en	0017	introduction	216		FALSE	FALSE	FALSE		
sophoclesplaysa05campgoog	en	0018	introduction	325		FALSE	FALSE	FALSE		
sophoclesplaysa05campgoog	en	0019	introduction	214		FALSE	FALSE	FALSE		
sophoclesplaysa05campgoog	en	0020	introduction	152		FALSE	FALSE	FALSE		
sophoclesplaysa05campgoog	en	0022	introduction	263		FALSE	FALSE	FALSE		
sophoclesplaysa05campgoog	en	0035	introduction	389		FALSE	FALSE	FALSE		
sophoclesplaysa05campgoog	en	0050	introduction	341		FALSE	FALSE	FALSE		
sophoclesplaysa05campgoog	en	0087	commentary	356		FALSE	FALSE	FALSE		
sophoclesplaysa05campgoog	en	0088	commentary	232		FALSE	FALSE	FALSE		
sophoclesplaysa05campgoog	en	0089	commentary	93		FALSE	FALSE	FALSE		
sophoclesplaysa05campgoog	en	0090	commentary	182		FALSE	FALSE	FALSE		
sophoclesplaysa05campgoog	en	0094	commentary	562		FALSE	FALSE	FALSE		
sophoclesplaysa05campgoog	en	0095	commentary	612		FALSE	FALSE	FALSE		
sophoclesplaysa05campgoog	en	0096	commentary	536		FALSE	FALSE	FALSE		
sophoclesplaysa05campgoog	en	0097	commentary	575		FALSE	FALSE	FALSE		
sophoclesplaysa05campgoog	en	0098	commentary	440		FALSE	FALSE	FALSE		
sophoclesplaysa05campgoog	en	0099	commentary	557		FALSE	FALSE	FALSE		
sophoclesplaysa05campgoog	en	0100	commentary	399		FALSE	FALSE	FALSE		
sophoclesplaysa05campgoog	en	0101	commentary	431		FALSE	FALSE	FALSE		
sophoclesplaysa05campgoog	en	0102	commentary	444		FALSE	FALSE	FALSE		
sophoclesplaysa05campgoog	en	0103	commentary	387		FALSE	FALSE	FALSE		
sophoclesplaysa05campgoog	en	0104	commentary	343		FALSE	FALSE	FALSE		
sophoclesplaysa05campgoog	en	0105	commentary	424		FALSE	FALSE	FALSE		
sophoclesplaysa05campgoog	en	0106	commentary	415		FALSE	TRUE	FALSE		
sophoclesplaysa05campgoog	en	0107	commentary	349		FALSE	FALSE	FALSE		
sophoclesplaysa05campgoog	en	0108	commentary	391		FALSE	FALSE	FALSE		
sophoclesplaysa05campgoog	en	0109	commentary	330		FALSE	FALSE	FALSE		
sophoclesplaysa05campgoog	en	0110	commentary	431		FALSE	FALSE	FALSE		
sophoclesplaysa05campgoog	en	0111	commentary	496		FALSE	FALSE	FALSE		
sophoclesplaysa05campgoog	en	0112	commentary	371		FALSE	FALSE	FALSE		
sophoclesplaysa05campgoog	en	0113	commentary	395		FALSE	FALSE	FALSE		
sophoclesplaysa05campgoog	en	0114	commentary	378		FALSE	FALSE	FALSE		
sophoclesplaysa05campgoog	en	0115	commentary	442		FALSE	FALSE	FALSE		
sophoclesplaysa05campgoog	en	0116	commentary	361		FALSE	FALSE	FALSE		
sophoclesplaysa05campgoog	en	0117	commentary	439		FALSE	FALSE	FALSE		
sophoclesplaysa05campgoog	en	0118	commentary	328		FALSE	FALSE	FALSE		
sophoclesplaysa05campgoog	en	0119	commentary	433		FALSE	FALSE	FALSE		
sophoclesplaysa05campgoog	en	0120	commentary	455		FALSE	FALSE	FALSE		
sophoclesplaysa05campgoog	en	0121	commentary	522		FALSE	FALSE	FALSE		
sophoclesplaysa05campgoog	en	0122	commentary	488		FALSE	FALSE	FALSE		
sophoclesplaysa05campgoog	en	0123	commentary	517		FALSE	FALSE	FALSE		
sophoclesplaysa05campgoog	en	0124	commentary	454		FALSE	FALSE	FALSE		
sophoclesplaysa05campgoog	en	0125	commentary	393		FALSE	FALSE	FALSE		
sophoclesplaysa05campgoog	en	0126	commentary	405		FALSE	FALSE	FALSE		
sophoclesplaysa05campgoog	en	0127	commentary	499		FALSE	FALSE	FALSE		
sophoclesplaysa05campgoog	en	0128	commentary	338		FALSE	FALSE	FALSE		
sophoclesplaysa05campgoog	en	0129	commentary	392		FALSE	FALSE	FALSE		
sophoclesplaysa05campgoog	en	0130	commentary	426		FALSE	FALSE	FALSE		
sophoclesplaysa05campgoog	en	0131	commentary	499		FALSE	FALSE	FALSE		
sophoclesplaysa05campgoog	en	0132	commentary	395		FALSE	FALSE	FALSE		
sophoclesplaysa05campgoog	en	0133	commentary	456		FALSE	FALSE	FALSE		
sophoclesplaysa05campgoog	en	0134	commentary	367		FALSE	FALSE	FALSE		
sophoclesplaysa05campgoog	en	0135	commentary	398		FALSE	FALSE	FALSE		
sophoclesplaysa05campgoog	en	0136	commentary	400		FALSE	FALSE	FALSE		
sophoclesplaysa05campgoog	en	0137	commentary	444		FALSE	FALSE	FALSE		
sophoclesplaysa05campgoog	en	0138	commentary	341		FALSE	FALSE	FALSE		
sophoclesplaysa05campgoog	en	0139	commentary	382		FALSE	FALSE	FALSE		
sophoclesplaysa05campgoog	en	0140	commentary	450		FALSE	FALSE	FALSE		
sophoclesplaysa05campgoog	en	0141	commentary	497		FALSE	FALSE	FALSE		
sophoclesplaysa05campgoog	en	0142	commentary	340		FALSE	FALSE	FALSE		
sophoclesplaysa05campgoog	en	0143	commentary	407		FALSE	FALSE	FALSE		
sophoclesplaysa05campgoog	en	0144	commentary	351		FALSE	FALSE	FALSE		
sophoclesplaysa05campgoog	en	0145	commentary	420		FALSE	FALSE	FALSE		
sophoclesplaysa05campgoog	en	0146	commentary	427	mini-ref	FALSE	FALSE	TRUE	all	
sophoclesplaysa05campgoog	en	0147	commentary	459		FALSE	FALSE	FALSE		
sophoclesplaysa05campgoog	en	0148	commentary	419		FALSE	FALSE	FALSE		
sophoclesplaysa05campgoog	en	0149	commentary	421		FALSE	FALSE	FALSE		
sophoclesplaysa05campgoog	en	0150	commentary	343		FALSE	FALSE	FALSE		
sophoclesplaysa05campgoog	en	0151	commentary	424		FALSE	FALSE	FALSE		
sophoclesplaysa05campgoog	en	0152	commentary	242		FALSE	FALSE	FALSE		
sophoclesplaysa05campgoog	en	0153	commentary	388		FALSE	FALSE	FALSE		
sophoclesplaysa05campgoog	en	0154	commentary	425		FALSE	FALSE	FALSE		
sophoclesplaysa05campgoog	en	0155	commentary	406		FALSE	FALSE	FALSE		
sophoclesplaysa05campgoog	en	0156	commentary	285		FALSE	FALSE	FALSE		
sophoclesplaysa05campgoog	en	0157	commentary	454		FALSE	FALSE	FALSE		
sophoclesplaysa05campgoog	en	0158	commentary	420		FALSE	FALSE	FALSE		
sophoclesplaysa05campgoog	en	0159	commentary	513		FALSE	FALSE	FALSE		
sophoclesplaysa05campgoog	en	0160	commentary	340		FALSE	FALSE	FALSE		
sophoclesplaysa05campgoog	en	0161	commentary	369		FALSE	FALSE	FALSE		
sophoclesplaysa05campgoog	en	0162	commentary	342		FALSE	FALSE	FALSE		
sophoclesplaysa05campgoog	en	0163	commentary	368		FALSE	FALSE	FALSE		
sophoclesplaysa05campgoog	en	0164	commentary	354		FALSE	FALSE	FALSE		
sophoclesplaysa05campgoog	en	0165	commentary	481		FALSE	FALSE	FALSE		
sophoclesplaysa05campgoog	en	0166	commentary	264		FALSE	FALSE	FALSE		
sophoclesplaysa05campgoog	en	0167	commentary	333		FALSE	FALSE	FALSE		
sophoclesplaysa05campgoog	en	0168	commentary	410		FALSE	FALSE	FALSE		
sophoclesplaysa05campgoog	en	0169	commentary	489		FALSE	FALSE	FALSE		
sophoclesplaysa05campgoog	en	0170	commentary	387		FALSE	FALSE	FALSE		
sophoclesplaysa05campgoog	en	0171	commentary	391		FALSE	FALSE	FALSE		
sophoclesplaysa05campgoog	en	0172	commentary	460		FALSE	FALSE	FALSE		
sophoclesplaysa05campgoog	en	0173	commentary	383		FALSE	FALSE	FALSE		
sophoclesplaysa05campgoog	en	0174	commentary	367		FALSE	FALSE	FALSE		
sophoclesplaysa05campgoog	en	0175	commentary	373		FALSE	FALSE	FALSE		
sophoclesplaysa05campgoog	en	0176	commentary	395		FALSE	FALSE	FALSE		
sophoclesplaysa05campgoog	en	0177	commentary	444		FALSE	FALSE	FALSE		
sophoclesplaysa05campgoog	en	0178	commentary	542		FALSE	FALSE	FALSE		
sophoclesplaysa05campgoog	en	0179	commentary	558		FALSE	FALSE	FALSE		
sophoclesplaysa05campgoog	en	0180	commentary	297		FALSE	FALSE	FALSE		
sophoclesplaysa05campgoog	en	0181	commentary	297		FALSE	FALSE	FALSE		
sophoclesplaysa05campgoog	en	0182	commentary	405		FALSE	FALSE	FALSE		
sophoclesplaysa05campgoog	en	0183	commentary	441		FALSE	FALSE	FALSE		
sophoclesplaysa05campgoog	en	0184	commentary	375		FALSE	FALSE	FALSE		
sophoclesplaysa05campgoog	en	0185	commentary	417		FALSE	FALSE	FALSE		
sophoclesplaysa05campgoog	en	0186	commentary	356		FALSE	FALSE	FALSE		
sophoclesplaysa05campgoog	en	0187	commentary	461		FALSE	FALSE	FALSE		
sophoclesplaysa05campgoog	en	0188	commentary	420		FALSE	FALSE	FALSE		
sophoclesplaysa05campgoog	en	0189	commentary	452		FALSE	FALSE	FALSE		
sophoclesplaysa05campgoog	en	0190	commentary	418		FALSE	FALSE	FALSE		
sophoclesplaysa05campgoog	en	0191	commentary	400		FALSE	FALSE	FALSE		
sophoclesplaysa05campgoog	en	0192	commentary	356		FALSE	FALSE	FALSE		
sophoclesplaysa05campgoog	en	0193	commentary	467		FALSE	FALSE	FALSE		
sophoclesplaysa05campgoog	en	0194	commentary	366		FALSE	FALSE	FALSE		
sophoclesplaysa05campgoog	en	0195	commentary	455		FALSE	FALSE	FALSE		
sophoclesplaysa05campgoog	en	0196	commentary	366		FALSE	FALSE	FALSE		
sophoclesplaysa05campgoog	en	0197	commentary	374		FALSE	FALSE	FALSE		
sophoclesplaysa05campgoog	en	0198	commentary	457		FALSE	FALSE	FALSE		
sophoclesplaysa05campgoog	en	0199	commentary	403		FALSE	FALSE	FALSE		
sophoclesplaysa05campgoog	en	0200	commentary	376		FALSE	FALSE	FALSE		
sophoclesplaysa05campgoog	en	0201	commentary	431		FALSE	FALSE	FALSE		
sophoclesplaysa05campgoog	en	0202	commentary	374		FALSE	FALSE	FALSE		
sophoclesplaysa05campgoog	en	0203	commentary	432		FALSE	FALSE	FALSE		
sophoclesplaysa05campgoog	en	0204	commentary	410		FALSE	FALSE	FALSE		
sophoclesplaysa05campgoog	en	0205	commentary	466		FALSE	FALSE	FALSE		
sophoclesplaysa05campgoog	en	0206	commentary	346		FALSE	FALSE	FALSE		
sophoclesplaysa05campgoog	en	0207	commentary	409		FALSE	FALSE	FALSE		
sophoclesplaysa05campgoog	en	0208	commentary	372		FALSE	FALSE	FALSE		
sophoclesplaysa05campgoog	en	0209	commentary	470		FALSE	FALSE	FALSE		
sophoclesplaysa05campgoog	en	0210	commentary	405		FALSE	FALSE	FALSE		
sophoclesplaysa05campgoog	en	0211	commentary	474		FALSE	FALSE	FALSE		
sophoclesplaysa05campgoog	en	0212	commentary	406		FALSE	FALSE	FALSE		
sophoclesplaysa05campgoog	en	0213	commentary	442		FALSE	FALSE	FALSE		
sophoclesplaysa05campgoog	en	0214	commentary	454		FALSE	FALSE	FALSE		
sophoclesplaysa05campgoog	en	0215	commentary	474		FALSE	FALSE	FALSE		
sophoclesplaysa05campgoog	en	0216	commentary	495		FALSE	FALSE	FALSE		
sophoclesplaysa05campgoog	en	0217	commentary	523		FALSE	FALSE	FALSE		
sophoclesplaysa05campgoog	en	0218	commentary	317		FALSE	FALSE	FALSE		
sophoclesplaysa05campgoog	en	0219	commentary	388		FALSE	FALSE	FALSE		
sophoclesplaysa05campgoog	en	0220	commentary	447		FALSE	FALSE	FALSE		
sophoclesplaysa05campgoog	en	0221	commentary	527		FALSE	FALSE	FALSE		
sophoclesplaysa05campgoog	en	0222	commentary	326		FALSE	FALSE	FALSE		
sophoclesplaysa05campgoog	en	0223	commentary	390		FALSE	FALSE	FALSE		
sophoclesplaysa05campgoog	en	0224	commentary	367		FALSE	FALSE	FALSE		
sophoclesplaysa05campgoog	en	0225	commentary	396		FALSE	FALSE	FALSE		
sophoclesplaysa05campgoog	en	0226	commentary	327		FALSE	FALSE	FALSE		
sophoclesplaysa05campgoog	en	0227	commentary	490		FALSE	FALSE	FALSE		
sophoclesplaysa05campgoog	en	0228	commentary	315		FALSE	FALSE	FALSE		
sophoclesplaysa05campgoog	en	0229	commentary	368		FALSE	FALSE	FALSE		
sophoclesplaysa05campgoog	en	0230	commentary	342		FALSE	FALSE	FALSE		
sophoclesplaysa05campgoog	en	0231	commentary	364		FALSE	FALSE	FALSE		
sophoclesplaysa05campgoog	en	0232	commentary	353		FALSE	FALSE	FALSE		
sophoclesplaysa05campgoog	en	0233	commentary	426		FALSE	FALSE	FALSE		
sophoclesplaysa05campgoog	en	0234	commentary	345		FALSE	FALSE	FALSE		
sophoclesplaysa05campgoog	en	0235	commentary	328		FALSE	FALSE	FALSE		
sophoclesplaysa05campgoog	en	0236	commentary	450		FALSE	FALSE	FALSE		
sophoclesplaysa05campgoog	en	0237	commentary	518		FALSE	FALSE	FALSE		
sophoclesplaysa05campgoog	en	0238	commentary	396		FALSE	FALSE	FALSE		
sophoclesplaysa05campgoog	en	0239	commentary	368		FALSE	FALSE	FALSE		
sophoclesplaysa05campgoog	en	0240	commentary	317		FALSE	FALSE	FALSE		
sophoclesplaysa05campgoog	en	0241	commentary	385		FALSE	FALSE	FALSE		
sophoclesplaysa05campgoog	en	0242	commentary	362		FALSE	FALSE	FALSE		
sophoclesplaysa05campgoog	en	0243	commentary	300		FALSE	FALSE	FALSE		
sophoclesplaysa05campgoog	en	0244	commentary	329		FALSE	FALSE	FALSE		
sophoclesplaysa05campgoog	en	0245	commentary	367		FALSE	FALSE	FALSE		
sophoclesplaysa05campgoog	en	0246	commentary	509		FALSE	FALSE	FALSE		
sophoclesplaysa05campgoog	en	0247	commentary	517		FALSE	FALSE	FALSE		
sophoclesplaysa05campgoog	en	0248	commentary	337		FALSE	FALSE	FALSE		
sophoclesplaysa05campgoog	en	0249	commentary	411		FALSE	FALSE	FALSE		
sophoclesplaysa05campgoog	en	0250	commentary	387		FALSE	FALSE	FALSE		
sophoclesplaysa05campgoog	en	0251	commentary	412		FALSE	FALSE	FALSE		
sophoclesplaysa05campgoog	en	0252	commentary	380		FALSE	FALSE	FALSE		
sophoclesplaysa05campgoog	en	0253	commentary	429		FALSE	FALSE	FALSE		
sophoclesplaysa05campgoog	en	0254	commentary	396		FALSE	FALSE	FALSE		
sophoclesplaysa05campgoog	en	0255	commentary	436		FALSE	FALSE	FALSE		
sophoclesplaysa05campgoog	en	0256	commentary	375		FALSE	FALSE	FALSE		
sophoclesplaysa05campgoog	en	0257	commentary	450		FALSE	FALSE	FALSE		
sophoclesplaysa05campgoog	en	0258	commentary	433		FALSE	FALSE	FALSE		
sophoclesplaysa05campgoog	en	0259	commentary	491		FALSE	FALSE	FALSE		
sophoclesplaysa05campgoog	en	0260	commentary	444		FALSE	FALSE	FALSE		
sophoclesplaysa05campgoog	en	0261	commentary	366		FALSE	FALSE	FALSE		
sophoclesplaysa05campgoog	en	0262	commentary	447		FALSE	FALSE	FALSE		
sophoclesplaysa05campgoog	en	0263	commentary	369		FALSE	FALSE	FALSE		
sophoclesplaysa05campgoog	en	0264	commentary	341		FALSE	FALSE	FALSE		
sophoclesplaysa05campgoog	en	0265	commentary	442		FALSE	FALSE	FALSE		
sophoclesplaysa05campgoog	en	0266	commentary	468		FALSE	FALSE	FALSE		
sophoclesplaysa05campgoog	en	0267	commentary	526		FALSE	FALSE	FALSE		
sophoclesplaysa05campgoog	en	0268	commentary	304		FALSE	FALSE	FALSE		
sophoclesplaysa05campgoog	en	0269	commentary	420		FALSE	FALSE	FALSE		
sophoclesplaysa05campgoog	en	0270	commentary	378		FALSE	FALSE	FALSE		
sophoclesplaysa05campgoog	en	0271	commentary	434		FALSE	FALSE	FALSE		
sophoclesplaysa05campgoog	en	0272	commentary	417		FALSE	FALSE	FALSE		
sophoclesplaysa05campgoog	en	0273	commentary	439		FALSE	FALSE	FALSE		
sophoclesplaysa05campgoog	en	0274	commentary	408		FALSE	FALSE	FALSE		
sophoclesplaysa05campgoog	en	0275	commentary	388		FALSE	FALSE	FALSE		
sophoclesplaysa05campgoog	en	0276	commentary	321		FALSE	FALSE	FALSE		
sophoclesplaysa05campgoog	en	0277	commentary	425		FALSE	FALSE	FALSE		
sophoclesplaysa05campgoog	en	0278	commentary	386		FALSE	FALSE	FALSE		
sophoclesplaysa05campgoog	en	0279	commentary	410		FALSE	FALSE	FALSE		
sophoclesplaysa05campgoog	en	0280	commentary	514		FALSE	FALSE	FALSE		
sophoclesplaysa05campgoog	en	0281	commentary	542		FALSE	FALSE	FALSE		
sophoclesplaysa05campgoog	en	0282	commentary	472		FALSE	FALSE	FALSE		
sophoclesplaysa05campgoog	en	0283	commentary	502		FALSE	FALSE	FALSE		
sophoclesplaysa05campgoog	en	0284	commentary	396		FALSE	FALSE	FALSE		
sophoclesplaysa05campgoog	en	0285	commentary	455		FALSE	FALSE	FALSE		
sophoclesplaysa05campgoog	en	0286	commentary	348		FALSE	FALSE	FALSE		
sophoclesplaysa05campgoog	en	0287	commentary	325		FALSE	FALSE	FALSE		
sophoclesplaysa05campgoog	en	0288	commentary	315	mini-ref	FALSE	FALSE	TRUE	all	
sophoclesplaysa05campgoog	en	0289	commentary	379		FALSE	FALSE	FALSE		
sophoclesplaysa05campgoog	en	0290	commentary	428		FALSE	FALSE	FALSE		
sophoclesplaysa05campgoog	en	0291	commentary	413		FALSE	FALSE	FALSE		
sophoclesplaysa05campgoog	en	0292	commentary	377		FALSE	FALSE	FALSE		
sophoclesplaysa05campgoog	en	0293	commentary	375		FALSE	FALSE	FALSE		
sophoclesplaysa05campgoog	en	0294	commentary	398		FALSE	FALSE	FALSE		
sophoclesplaysa05campgoog	en	0295	commentary	427		FALSE	FALSE	FALSE		
sophoclesplaysa05campgoog	en	0296	commentary	537		FALSE	FALSE	FALSE		
sophoclesplaysa05campgoog	en	0297	commentary	587		FALSE	FALSE	FALSE		
sophoclesplaysa05campgoog	en	0298	commentary	221		FALSE	FALSE	FALSE		
sophoclesplaysa05campgoog	en	0299	commentary	213		FALSE	FALSE	FALSE		
Wecklein1894	de 	0006	introduction	233		FALSE	FALSE	TRUE	CA	
Wecklein1894	de 	0007	introduction	317	mini-ref	FALSE	FALSE	TRUE	all	
Wecklein1894	de 	0008	introduction	269		FALSE	FALSE	TRUE	CA	
Wecklein1894	de 	0015	commentary	274		FALSE	FALSE	TRUE	CA	
Wecklein1894	de 	0016	commentary	312	mini-ref	FALSE	FALSE	TRUE	all	
Wecklein1894	de 	0017	commentary	241		FALSE	FALSE	TRUE	CA	
Wecklein1894	de 	0018	commentary	272		FALSE	FALSE	TRUE	CA	
Wecklein1894	de 	0019	commentary	265		FALSE	FALSE	FALSE		
Wecklein1894	de 	0020	commentary	269		FALSE	FALSE	FALSE		
Wecklein1894	de 	0021	commentary	218		FALSE	FALSE	FALSE		
Wecklein1894	de 	0022	commentary	262		FALSE	FALSE	FALSE		
Wecklein1894	de 	0023	commentary	231		FALSE	FALSE	FALSE		
Wecklein1894	de 	0024	commentary	284		FALSE	FALSE	FALSE		
Wecklein1894	de 	0025	commentary	262		FALSE	FALSE	FALSE		
Wecklein1894	de 	0026	commentary	229		FALSE	FALSE	FALSE		
Wecklein1894	de 	0027	commentary	239		FALSE	FALSE	FALSE		
Wecklein1894	de 	0028	commentary	285		FALSE	FALSE	FALSE		
Wecklein1894	de 	0029	commentary	236		FALSE	FALSE	FALSE		
Wecklein1894	de 	0030	commentary	285		FALSE	FALSE	FALSE		
Wecklein1894	de 	0031	commentary	173		FALSE	FALSE	FALSE		
Wecklein1894	de 	0032	commentary	184		FALSE	FALSE	FALSE		
Wecklein1894	de 	0033	commentary	232		FALSE	FALSE	FALSE		
Wecklein1894	de 	0034	commentary	183		FALSE	FALSE	FALSE		
Wecklein1894	de 	0035	commentary	284		FALSE	FALSE	FALSE		
Wecklein1894	de 	0036	commentary	241		FALSE	FALSE	FALSE		
Wecklein1894	de 	0037	commentary	253		FALSE	FALSE	FALSE		
Wecklein1894	de 	0038	commentary	286		FALSE	FALSE	FALSE		
Wecklein1894	de 	0039	commentary	249		FALSE	FALSE	TRUE	CA	
Wecklein1894	de 	0040	commentary	193		FALSE	FALSE	TRUE	CA	
Wecklein1894	de 	0041	commentary	198		FALSE	FALSE	FALSE		
Wecklein1894	de 	0042	commentary	202		FALSE	FALSE	FALSE		
Wecklein1894	de 	0043	commentary	112		FALSE	FALSE	FALSE		
Wecklein1894	de 	0044	commentary	139		FALSE	FALSE	FALSE		
Wecklein1894	de 	0045	commentary	158		FALSE	FALSE	FALSE		
Wecklein1894	de 	0046	commentary	269		FALSE	FALSE	FALSE		
Wecklein1894	de 	0047	commentary	176		FALSE	FALSE	FALSE		
Wecklein1894	de 	0048	commentary	276		FALSE	FALSE	FALSE		
Wecklein1894	de 	0049	commentary	282		FALSE	FALSE	FALSE		
Wecklein1894	de 	0050	commentary	249		FALSE	FALSE	FALSE		
Wecklein1894	de 	0051	commentary	203		FALSE	FALSE	FALSE		
Wecklein1894	de 	0052	commentary	244		FALSE	FALSE	FALSE		
Wecklein1894	de 	0053	commentary	260		FALSE	FALSE	FALSE		
Wecklein1894	de 	0054	commentary	283		FALSE	FALSE	FALSE		
Wecklein1894	de 	0055	commentary	195		FALSE	FALSE	FALSE		
Wecklein1894	de 	0056	commentary	209		FALSE	FALSE	FALSE		
Wecklein1894	de 	0057	commentary	289		FALSE	FALSE	FALSE		
Wecklein1894	de 	0058	commentary	175		FALSE	FALSE	TRUE	CA	
Wecklein1894	de 	0059	commentary	241		FALSE	FALSE	FALSE		
Wecklein1894	de 	0060	commentary	317		FALSE	FALSE	FALSE		
Wecklein1894	de 	0061	commentary	286		FALSE	FALSE	FALSE		
Wecklein1894	de 	0062	commentary	276		FALSE	FALSE	FALSE		
Wecklein1894	de 	0063	commentary	212		FALSE	FALSE	FALSE		
Wecklein1894	de 	0064	commentary	164		FALSE	FALSE	FALSE		
Wecklein1894	de 	0065	commentary	207		FALSE	FALSE	TRUE	CA	
Wecklein1894	de 	0066	commentary	258		FALSE	FALSE	FALSE		
Wecklein1894	de 	0067	commentary	200		FALSE	FALSE	FALSE		
Wecklein1894	de 	0068	commentary	208		FALSE	FALSE	FALSE		
Wecklein1894	de 	0069	commentary	141		FALSE	FALSE	FALSE		
Wecklein1894	de 	0070	commentary	222		FALSE	FALSE	FALSE		
Wecklein1894	de 	0071	commentary	255		FALSE	FALSE	FALSE		
Wecklein1894	de 	0072	commentary	215		FALSE	FALSE	FALSE		
Wecklein1894	de 	0073	commentary	171		FALSE	FALSE	FALSE		
Wecklein1894	de 	0074	commentary	229		FALSE	FALSE	FALSE		
Wecklein1894	de 	0075	commentary	189		FALSE	FALSE	FALSE		
Wecklein1894	de 	0076	commentary	186		FALSE	FALSE	FALSE		
Wecklein1894	de 	0077	commentary	152		FALSE	FALSE	FALSE		
Wecklein1894	de 	0078	commentary	178		FALSE	FALSE	FALSE		
Wecklein1894	de 	0079	commentary	176		FALSE	FALSE	FALSE		
Wecklein1894	de 	0080	commentary	265	mini-ref	FALSE	FALSE	TRUE	all	
Wecklein1894	de 	0081	commentary	220		FALSE	FALSE	FALSE		
Wecklein1894	de 	0082	commentary	171		FALSE	FALSE	TRUE	CA	
Wecklein1894	de 	0083	commentary	256		FALSE	FALSE	FALSE		
Wecklein1894	de 	0084	commentary	197		FALSE	FALSE	FALSE		
Wecklein1894	de 	0085	commentary	176		FALSE	FALSE	FALSE		
Wecklein1894	de 	0086	commentary	246		FALSE	FALSE	FALSE		
Wecklein1894	de 	0087	commentary	238	mini-ref	FALSE	FALSE	TRUE	all	
Wecklein1894	de 	0088	commentary	220		FALSE	FALSE	FALSE		
Wecklein1894	de 	0089	commentary	235		FALSE	FALSE	FALSE		
Wecklein1894	de 	0090	commentary	303		FALSE	FALSE	FALSE		
Wecklein1894	de 	0091	commentary	195		FALSE	FALSE	FALSE		
Wecklein1894	de 	0092	commentary	185		FALSE	FALSE	FALSE		
Wecklein1894	de 	0093	commentary	255		FALSE	FALSE	FALSE		
Wecklein1894	de 	0094	commentary	145		FALSE	FALSE	FALSE		
Wecklein1894	de 	0095	commentary	101		FALSE	FALSE	FALSE		
Wecklein1894	de 	0096	commentary	228		FALSE	FALSE	TRUE	CA	
Wecklein1894	de 	0097	commentary	141		FALSE	FALSE	FALSE		
Wecklein1894	de 	0098	commentary	242		FALSE	FALSE	FALSE		
Wecklein1894	de 	0099	commentary	244		FALSE	FALSE	FALSE		
Wecklein1894	de 	0100	commentary	221		FALSE	FALSE	FALSE		
Wecklein1894	de 	0101	commentary	237		FALSE	FALSE	FALSE		
Wecklein1894	de 	0102	commentary	150		FALSE	FALSE	FALSE		
Wecklein1894	de 	0103	commentary	241		FALSE	FALSE	FALSE		
Wecklein1894	de 	0104	commentary	209		FALSE	FALSE	FALSE		
Wecklein1894	de 	0105	commentary	170		FALSE	FALSE	FALSE		
Wecklein1894	de 	0106	commentary	199		FALSE	FALSE	FALSE		
Wecklein1894	de 	0107	commentary	14		TRUE	FALSE	FALSE		
sophokle1v3soph	de 	0009	preface	289		FALSE	FALSE	TRUE	CA	
sophokle1v3soph	de 	0010	preface	343		FALSE	FALSE	TRUE	CA	
sophokle1v3soph	de 	0011	preface	348		FALSE	FALSE	FALSE		
sophokle1v3soph	de 	0012	preface	305		FALSE	FALSE	FALSE		
sophokle1v3soph	de 	0013	preface	288		FALSE	FALSE	FALSE		
sophokle1v3soph	de 	0014	preface	183		FALSE	FALSE	FALSE		
sophokle1v3soph	de 	0015	introduction	226		FALSE	FALSE	FALSE		
sophokle1v3soph	de 	0016	introduction	344		FALSE	FALSE	FALSE		
sophokle1v3soph	de 	0017	introduction	344	mini-ref	FALSE	FALSE	TRUE	all	
sophokle1v3soph	de 	0017	commentary	0		TRUE	FALSE	FALSE		
sophokle1v3soph	de 	0018	introduction	268		FALSE	FALSE	FALSE		
sophokle1v3soph	de 	0021	introduction	337		FALSE	FALSE	FALSE		
sophokle1v3soph	de 	0022	introduction	374		FALSE	TRUE	FALSE	CA	Ã  voir dans les difficulties
sophokle1v3soph	de 	0025	introduction	358		FALSE	FALSE	FALSE		
sophokle1v3soph	de 	0028	introduction	370		FALSE	FALSE	FALSE		
sophokle1v3soph	de 	0029	introduction	360		FALSE	FALSE	FALSE		
sophokle1v3soph	de 	0030	introduction	367		FALSE	FALSE	FALSE		
sophokle1v3soph	de 	0032	introduction	293		FALSE	FALSE	FALSE		
sophokle1v3soph	de 	0036	introduction	340		FALSE	FALSE	FALSE		
sophokle1v3soph	de 	0041	introduction	348		FALSE	FALSE	FALSE		
sophokle1v3soph	de 	0043	introduction	344		FALSE	FALSE	FALSE		
sophokle1v3soph	de 	0047	commentary	239		FALSE	FALSE	FALSE		
sophokle1v3soph	de 	0048	commentary	356		FALSE	FALSE	FALSE		
sophokle1v3soph	de 	0049	commentary	265	mini-ref	FALSE	FALSE	TRUE	all	
sophokle1v3soph	de 	0050	commentary	221		FALSE	FALSE	FALSE		
sophokle1v3soph	de 	0051	commentary	215		FALSE	FALSE	FALSE		
sophokle1v3soph	de 	0052	commentary	199		FALSE	FALSE	FALSE		
sophokle1v3soph	de 	0053	commentary	243		FALSE	FALSE	FALSE		
sophokle1v3soph	de 	0054	commentary	111		FALSE	FALSE	FALSE		
sophokle1v3soph	de 	0055	commentary	183		FALSE	FALSE	FALSE		
sophokle1v3soph	de 	0056	commentary	206		FALSE	FALSE	FALSE		
sophokle1v3soph	de 	0057	commentary	268		FALSE	FALSE	FALSE		
sophokle1v3soph	de 	0058	commentary	222		FALSE	FALSE	FALSE		
sophokle1v3soph	de 	0059	commentary	300		FALSE	FALSE	FALSE		
sophokle1v3soph	de 	0060	commentary	384		FALSE	FALSE	FALSE		
sophokle1v3soph	de 	0061	commentary	398		FALSE	FALSE	FALSE		
sophokle1v3soph	de 	0062	commentary	368		FALSE	FALSE	FALSE		
sophokle1v3soph	de 	0063	commentary	285		FALSE	FALSE	FALSE		
sophokle1v3soph	de 	0064	commentary	197		FALSE	FALSE	TRUE	CA	
sophokle1v3soph	de 	0065	commentary	278		FALSE	FALSE	FALSE		
sophokle1v3soph	de 	0066	commentary	327		FALSE	FALSE	FALSE		
sophokle1v3soph	de 	0067	commentary	266		FALSE	FALSE	FALSE		
sophokle1v3soph	de 	0068	commentary	212		FALSE	FALSE	FALSE		
sophokle1v3soph	de 	0069	commentary	215		FALSE	FALSE	FALSE		
sophokle1v3soph	de 	0070	commentary	288		FALSE	FALSE	FALSE		
sophokle1v3soph	de 	0071	commentary	225		FALSE	FALSE	FALSE		
sophokle1v3soph	de 	0072	commentary	173		FALSE	FALSE	FALSE		
sophokle1v3soph	de 	0073	commentary	264		FALSE	FALSE	FALSE		
sophokle1v3soph	de 	0074	commentary	198		FALSE	FALSE	FALSE		
sophokle1v3soph	de 	0075	commentary	332		FALSE	FALSE	FALSE		
sophokle1v3soph	de 	0076	commentary	250		FALSE	FALSE	FALSE		
sophokle1v3soph	de 	0077	commentary	338		FALSE	FALSE	FALSE		
sophokle1v3soph	de 	0078	commentary	204		FALSE	FALSE	TRUE	CA	
sophokle1v3soph	de 	0079	commentary	244		FALSE	FALSE	FALSE		
sophokle1v3soph	de 	0080	commentary	253		FALSE	FALSE	FALSE		
sophokle1v3soph	de 	0081	commentary	322		FALSE	FALSE	FALSE		
sophokle1v3soph	de 	0082	commentary	197		FALSE	FALSE	FALSE		
sophokle1v3soph	de 	0083	commentary	275		FALSE	FALSE	FALSE		
sophokle1v3soph	de 	0084	commentary	308		FALSE	FALSE	FALSE		
sophokle1v3soph	de 	0085	commentary	159	mini-ref	FALSE	FALSE	TRUE	all	
sophokle1v3soph	de 	0086	commentary	172		FALSE	FALSE	TRUE	CA	
sophokle1v3soph	de 	0087	commentary	284		FALSE	FALSE	FALSE		
sophokle1v3soph	de 	0088	commentary	269		FALSE	FALSE	FALSE		
sophokle1v3soph	de 	0089	commentary	172		FALSE	FALSE	FALSE		
sophokle1v3soph	de 	0090	commentary	247		FALSE	FALSE	FALSE		
sophokle1v3soph	de 	0091	commentary	394		FALSE	FALSE	TRUE	CA	
sophokle1v3soph	de 	0092	commentary	276		FALSE	FALSE	FALSE		
sophokle1v3soph	de 	0093	commentary	281		FALSE	FALSE	FALSE		
sophokle1v3soph	de 	0094	commentary	337		FALSE	FALSE	FALSE		
sophokle1v3soph	de 	0095	commentary	297		FALSE	FALSE	FALSE		
sophokle1v3soph	de 	0096	commentary	335		FALSE	FALSE	FALSE		
sophokle1v3soph	de 	0097	commentary	325		FALSE	FALSE	FALSE		
sophokle1v3soph	de 	0098	commentary	314		FALSE	FALSE	FALSE		
sophokle1v3soph	de 	0099	commentary	247		FALSE	FALSE	FALSE		
sophokle1v3soph	de 	0100	commentary	153		FALSE	FALSE	FALSE		
sophokle1v3soph	de 	0101	commentary	212		FALSE	FALSE	FALSE		
sophokle1v3soph	de 	0102	commentary	200		FALSE	FALSE	FALSE		
sophokle1v3soph	de 	0103	commentary	127		FALSE	FALSE	FALSE		
sophokle1v3soph	de 	0104	commentary	292		FALSE	FALSE	FALSE		
sophokle1v3soph	de 	0105	commentary	208		FALSE	FALSE	FALSE		
sophokle1v3soph	de 	0106	commentary	340		FALSE	TRUE	FALSE	CA	
sophokle1v3soph	de 	0107	commentary	329		FALSE	FALSE	FALSE		
sophokle1v3soph	de 	0108	commentary	185		FALSE	FALSE	TRUE	CA	
sophokle1v3soph	de 	0109	commentary	189		FALSE	FALSE	FALSE		
sophokle1v3soph	de 	0110	commentary	238		FALSE	FALSE	FALSE		
sophokle1v3soph	de 	0111	commentary	159		FALSE	FALSE	FALSE		
sophokle1v3soph	de 	0112	commentary	211		FALSE	FALSE	FALSE		
sophokle1v3soph	de 	0113	commentary	107		FALSE	FALSE	FALSE		
sophokle1v3soph	de 	0114	commentary	247		FALSE	FALSE	FALSE		
sophokle1v3soph	de 	0115	commentary	302		FALSE	TRUE	FALSE	CA	Miss paragraphs
sophokle1v3soph	de 	0116	commentary	138		FALSE	FALSE	FALSE		
sophokle1v3soph	de 	0117	commentary	192		FALSE	FALSE	FALSE		
sophokle1v3soph	de 	0118	commentary	227		FALSE	FALSE	FALSE		
sophokle1v3soph	de 	0119	commentary	318		FALSE	FALSE	FALSE		
sophokle1v3soph	de 	0120	commentary	132		FALSE	FALSE	FALSE		
sophokle1v3soph	de 	0121	commentary	169		FALSE	FALSE	FALSE		
sophokle1v3soph	de 	0122	commentary	279		FALSE	FALSE	FALSE		
sophokle1v3soph	de 	0123	commentary	184		FALSE	FALSE	FALSE		
sophokle1v3soph	de 	0124	commentary	288		FALSE	FALSE	FALSE		
sophokle1v3soph	de 	0125	commentary	188	mini-ref	FALSE	FALSE	TRUE	all	
sophokle1v3soph	de 	0126	commentary	257		FALSE	FALSE	FALSE		
sophokle1v3soph	de 	0127	commentary	207		FALSE	FALSE	FALSE		
sophokle1v3soph	de 	0128	commentary	186		FALSE	FALSE	FALSE		
sophokle1v3soph	de 	0129	commentary	300		FALSE	FALSE	FALSE		
sophokle1v3soph	de 	0130	commentary	318		FALSE	FALSE	FALSE		
sophokle1v3soph	de 	0131	commentary	209		FALSE	FALSE	FALSE		
sophokle1v3soph	de 	0132	commentary	228		FALSE	FALSE	FALSE		
sophokle1v3soph	de 	0133	commentary	152		FALSE	FALSE	FALSE		
sophokle1v3soph	de 	0134	commentary	206		FALSE	FALSE	FALSE		
sophokle1v3soph	de 	0135	commentary	356		FALSE	FALSE	FALSE		
sophokle1v3soph	de 	0136	commentary	288		FALSE	FALSE	FALSE		
sophokle1v3soph	de 	0137	commentary	226		FALSE	FALSE	FALSE		
sophokle1v3soph	de 	0138	commentary	96		FALSE	FALSE	TRUE	CA	
sophokle1v3soph	de 	0139	commentary	217		FALSE	FALSE	FALSE		
sophokle1v3soph	de 	0140	commentary	174		FALSE	FALSE	FALSE		
sophokle1v3soph	de 	0141	commentary	177		FALSE	FALSE	FALSE		
sophokle1v3soph	de 	0142	commentary	172		FALSE	FALSE	FALSE		
sophokle1v3soph	de 	0143	commentary	228		FALSE	FALSE	FALSE		
sophokle1v3soph	de 	0144	commentary	160		FALSE	FALSE	FALSE		
sophokle1v3soph	de 	0200	commentary	230		FALSE	FALSE	FALSE		
sophokle1v3soph	de 	0210	commentary	241		FALSE	FALSE	FALSE		
sophokle1v3soph	de 	0220	commentary	106		FALSE	FALSE	FALSE		