TOKEN	NE-COARSE-LIT	NE-COARSE-METO	NE-FINE-LIT	NE-FINE-METO	NE-FINE-COMP	NE-NESTED	NEL-LIT	NEL-METO	MISC
# document_id = cu31924087948174_0035
# title = Sophocles
# author = Campbell, Lewis
# publication_date = 1881
# publication_place = Oxford
# page = 35
Hector	B-pers	_	B-pers.myth	_	_	O	Q159666	_	_
by	O	_	O	_	_	O	_	_	_
Achilles	B-pers	_	B-pers.myth	_	_	O	Q41746	_	_
before	O	_	O	_	_	O	_	_	_
death,	O	_	O	_	_	O	_	_	_
which	O	_	O	_	_	O	_	_	_
Euripides	B-pers	_	B-pers.author	_	_	O	Q48305	_	_
also	O	_	O	_	_	O	_	_	_
assumes,	O	_	O	_	_	O	_	_	_
has	O	_	O	_	_	O	_	_	_
in	O	_	O	_	_	O	_	_	_
all	O	_	O	_	_	O	_	_	_
probability	O	_	O	_	_	O	_	_	_
an	O	_	O	_	_	O	_	_	_
Epic	O	_	O	_	_	O	_	_	_
origin';	O	_	O	_	_	O	_	_	_
but	O	_	O	_	_	O	_	_	_
Sophocles	B-pers	_	B-pers.author	_	_	O	Q11950683	_	_
is	O	_	O	_	_	O	_	_	_
fairly	O	_	O	_	_	O	_	_	_
to	O	_	O	_	_	O	_	_	_
be	O	_	O	_	_	O	_	_	_
credited	O	_	O	_	_	O	_	_	_
with	O	_	O	_	_	O	_	_	_
making	O	_	O	_	_	O	_	_	_
Ajax	B-pers	_	B-pers.myth	_	_	O	Q172725	_	_
perform	O	_	O	_	_	O	_	_	_
his	O	_	O	_	_	O	_	_	_
last	O	_	O	_	_	O	_	_	_
act	O	_	O	_	_	O	_	_	_
in	O	_	O	_	_	O	_	_	_
presence	O	_	O	_	_	O	_	_	_
of	O	_	O	_	_	O	_	_	_
the	O	_	O	_	_	O	_	_	_
Sun,	B-pers	_	B-pers.myth	_	_	O	Q134270	_	Partial-0:3
and	O	_	O	_	_	O	_	_	_
not,	O	_	O	_	_	O	_	_	_
as	O	_	O	_	_	O	_	_	_
Pindar	B-pers	_	B-pers.author	_	_	O	Q134929	_	_
describes	O	_	O	_	_	O	_	_	_
it,	O	_	O	_	_	O	_	_	_
at	O	_	O	_	_	O	_	_	_
dead	O	_	O	_	_	O	_	_	_
of	O	_	O	_	_	O	_	_	_
night,	O	_	O	_	_	O	_	_	_
or	O	_	O	_	_	O	_	_	_
as	O	_	O	_	_	O	_	_	_
Arctinus	B-pers	_	B-pers.author	_	_	O	Q554683	_	_
(according	O	_	O	_	_	O	_	_	_
to	O	_	O	_	_	O	_	_	_
the	O	_	O	_	_	O	_	_	_
Scholiast	O	_	O	_	_	O	_	_	_
on	O	_	O	_	_	O	_	_	_
Pind.	B-pers	_	B-pers.author	_	_	O	Q134929	_	_
Isthm.	B-work	_	B-work.primlit	_	_	O	Q19175126	_	_
3.	B-scope	_	B-scope	_	_	O	NIL	_	_
59),	I-scope	_	I-scope	_	_	O	NIL	_	Partial--3:2
in	O	_	O	_	_	O	_	_	_
the	O	_	O	_	_	O	_	_	_
grey	O	_	O	_	_	O	_	_	_
dawn.	O	_	O	_	_	O	_	_	EndOfLine
It	O	_	O	_	_	O	_	_	_
is	O	_	O	_	_	O	_	_	_
more	O	_	O	_	_	O	_	_	_
important	O	_	O	_	_	O	_	_	_
to	O	_	O	_	_	O	_	_	_
notice,	O	_	O	_	_	O	_	_	_
what	O	_	O	_	_	O	_	_	_
is	O	_	O	_	_	O	_	_	_
evident	O	_	O	_	_	O	_	_	_
on	O	_	O	_	_	O	_	_	_
the	O	_	O	_	_	O	_	_	_
surface	O	_	O	_	_	O	_	_	_
of	O	_	O	_	_	O	_	_	_
the	O	_	O	_	_	O	_	_	_
play,	O	_	O	_	_	O	_	_	_
that	O	_	O	_	_	O	_	_	_
for	O	_	O	_	_	O	_	_	_
dramatic	O	_	O	_	_	O	_	_	_
purposes	O	_	O	_	_	O	_	_	_
the	O	_	O	_	_	O	_	_	_
poet	O	_	O	_	_	O	_	_	_
sets	O	_	O	_	_	O	_	_	_
forth	O	_	O	_	_	O	_	_	_
the	O	_	O	_	_	O	_	_	_
same	O	_	O	_	_	O	_	_	_
action	O	_	O	_	_	O	_	_	_
from	O	_	O	_	_	O	_	_	_
various	O	_	O	_	_	O	_	_	_
points	O	_	O	_	_	O	_	_	_
of	O	_	O	_	_	O	_	_	_
view.	O	_	O	_	_	O	_	_	EndOfLine
How	O	_	O	_	_	O	_	_	_
far	O	_	O	_	_	O	_	_	_
any	O	_	O	_	_	O	_	_	_
of	O	_	O	_	_	O	_	_	_
these	O	_	O	_	_	O	_	_	_
rest	O	_	O	_	_	O	_	_	_
upon	O	_	O	_	_	O	_	_	_
tradition,	O	_	O	_	_	O	_	_	_
how	O	_	O	_	_	O	_	_	_
far	O	_	O	_	_	O	_	_	_
upon	O	_	O	_	_	O	_	_	_
invention,	O	_	O	_	_	O	_	_	_
is	O	_	O	_	_	O	_	_	_
again	O	_	O	_	_	O	_	_	_
doubtful,	O	_	O	_	_	O	_	_	_
though	O	_	O	_	_	O	_	_	_
we	O	_	O	_	_	O	_	_	_
are	O	_	O	_	_	O	_	_	_
naturally	O	_	O	_	_	O	_	_	_
tempted	O	_	O	_	_	O	_	_	_
to	O	_	O	_	_	O	_	_	_
assign	O	_	O	_	_	O	_	_	_
what	O	_	O	_	_	O	_	_	_
is	O	_	O	_	_	O	_	_	_
crude	O	_	O	_	_	O	_	_	_
to	O	_	O	_	_	O	_	_	_
primitive	O	_	O	_	_	O	_	_	_
legend,	O	_	O	_	_	O	_	_	_
and	O	_	O	_	_	O	_	_	_
to	O	_	O	_	_	O	_	_	_
Sophocles	B-pers	_	B-pers.author	_	_	O	Q11950683	_	_
what	O	_	O	_	_	O	_	_	_
is	O	_	O	_	_	O	_	_	_
noblest	O	_	O	_	_	O	_	_	_
and	O	_	O	_	_	O	_	_	_
most	O	_	O	_	_	O	_	_	_
refined.	O	_	O	_	_	O	_	_	EndOfLine
Thus	O	_	O	_	_	O	_	_	_
the	O	_	O	_	_	O	_	_	_
incident	O	_	O	_	_	O	_	_	_
of	O	_	O	_	_	O	_	_	_
Ajax’	B-pers	_	B-pers.myth	_	_	O	Q172725	_	Partial-0:4
slaughter	O	_	O	_	_	O	_	_	_
of	O	_	O	_	_	O	_	_	_
the	O	_	O	_	_	O	_	_	_
cattle	O	_	O	_	_	O	_	_	_
could	O	_	O	_	_	O	_	_	_
not	O	_	O	_	_	O	_	_	_
have	O	_	O	_	_	O	_	_	_
been	O	_	O	_	_	O	_	_	_
referred	O	_	O	_	_	O	_	_	_
to	O	_	O	_	_	O	_	_	_
the	O	_	O	_	_	O	_	_	_
invention	O	_	O	_	_	O	_	_	_
of	O	_	O	_	_	O	_	_	_
Sophocles,	B-pers	_	B-pers.author	_	_	O	Q11950683	_	Partial-0:9
even	O	_	O	_	_	O	_	_	_
if	O	_	O	_	_	O	_	_	_
we	O	_	O	_	_	O	_	_	_
had	O	_	O	_	_	O	_	_	_
not	O	_	O	_	_	O	_	_	_
been	O	_	O	_	_	O	_	_	_
told	O	_	O	_	_	O	_	_	_
that	O	_	O	_	_	O	_	_	_
it	O	_	O	_	_	O	_	_	_
was	O	_	O	_	_	O	_	_	_
included	O	_	O	_	_	O	_	_	_
in	O	_	O	_	_	O	_	_	_
the	O	_	O	_	_	O	_	_	_
Little	B-work	_	B-work.primlit	_	_	O	Q2087365	_	_
Iliad.	I-work	_	I-work.primlit	_	_	O	Q2087365	_	EndOfLine|Partial--7:5
1.	O	_	O	_	_	O	_	_	_
The	O	_	O	_	_	O	_	_	_
interposition	O	_	O	_	_	O	_	_	_
of	O	_	O	_	_	O	_	_	_
Athena	B-pers	_	B-pers.myth	_	_	O	Q37122	_	_
supplies	O	_	O	_	_	O	_	_	_
the	O	_	O	_	_	O	_	_	_
mainspring	O	_	O	_	_	O	_	_	_
of	O	_	O	_	_	O	_	_	_
the	O	_	O	_	_	O	_	_	_
story.	O	_	O	_	_	O	_	_	EndOfLine
Her	O	_	O	_	_	O	_	_	_
appearance	O	_	O	_	_	O	_	_	_
in	O	_	O	_	_	O	_	_	_
the	O	_	O	_	_	O	_	_	_
opening	O	_	O	_	_	O	_	_	_
scene	O	_	O	_	_	O	_	_	_
produces	O	_	O	_	_	O	_	_	_
a	O	_	O	_	_	O	_	_	_
deep	O	_	O	_	_	O	_	_	_
impression,	O	_	O	_	_	O	_	_	_
which	O	_	O	_	_	O	_	_	_
remains	O	_	O	_	_	O	_	_	_
with	O	_	O	_	_	O	_	_	_
the	O	_	O	_	_	O	_	_	_
spectator	O	_	O	_	_	O	_	_	_
to	O	_	O	_	_	O	_	_	_
the	O	_	O	_	_	O	_	_	_
end.	O	_	O	_	_	O	_	_	EndOfLine
Although	O	_	O	_	_	O	_	_	_
dimly	O	_	O	_	_	O	_	_	_
visible,	O	_	O	_	_	O	_	_	_
and	O	_	O	_	_	O	_	_	_
not	O	_	O	_	_	O	_	_	_
blazoned	O	_	O	_	_	O	_	_	_
to	O	_	O	_	_	O	_	_	_
the	O	_	O	_	_	O	_	_	_
view,	O	_	O	_	_	O	_	_	_
as	O	_	O	_	_	O	_	_	_
she	O	_	O	_	_	O	_	_	_
would	O	_	O	_	_	O	_	_	_
have	O	_	O	_	_	O	_	_	_
been	O	_	O	_	_	O	_	_	_
in	O	_	O	_	_	O	_	_	_
an	O	_	O	_	_	O	_	_	_
Aeschylean	O	_	O	_	_	O	_	_	_
drama,	O	_	O	_	_	O	_	_	_
her	O	_	O	_	_	O	_	_	_
voice	O	_	O	_	_	O	_	_	_
must	O	_	O	_	_	O	_	_	_
have	O	_	O	_	_	O	_	_	_
thrilled	O	_	O	_	_	O	_	_	_
the	O	_	O	_	_	O	_	_	_
vast	O	_	O	_	_	O	_	_	_
audience	O	_	O	_	_	O	_	_	_
with	O	_	O	_	_	O	_	_	_
a	O	_	O	_	_	O	_	_	_
no	O	_	O	_	_	O	_	_	_
less	O	_	O	_	_	O	_	_	_
overpowering	O	_	O	_	_	O	_	_	_
awe.	O	_	O	_	_	O	_	_	EndOfLine
In	O	_	O	_	_	O	_	_	_
the	O	_	O	_	_	O	_	_	_
course	O	_	O	_	_	O	_	_	_
of	O	_	O	_	_	O	_	_	_
the	O	_	O	_	_	O	_	_	_
drama	O	_	O	_	_	O	_	_	_
her	O	_	O	_	_	O	_	_	_
action	O	_	O	_	_	O	_	_	_
is	O	_	O	_	_	O	_	_	_
differently	O	_	O	_	_	O	_	_	_
regarded	O	_	O	_	_	O	_	_	_
by	O	_	O	_	_	O	_	_	_
different	O	_	O	_	_	O	_	_	_
persons.	O	_	O	_	_	O	_	_	_
*	O	_	O	_	_	O	_	_	EndOfLine
a.	O	_	O	_	_	O	_	_	_
She	O	_	O	_	_	O	_	_	_
comes	O	_	O	_	_	O	_	_	_
at	O	_	O	_	_	O	_	_	_
the	O	_	O	_	_	O	_	_	_
height	O	_	O	_	_	O	_	_	_
of	O	_	O	_	_	O	_	_	_
that	O	_	O	_	_	O	_	_	_
which	O	_	O	_	_	O	_	_	_
mortals	O	_	O	_	_	O	_	_	_
deem	O	_	O	_	_	O	_	_	_
her	O	_	O	_	_	O	_	_	_
wrath:	O	_	O	_	_	O	_	_	_
—but	O	_	O	_	_	O	_	_	_
what	O	_	O	_	_	O	_	_	_
calmness,	O	_	O	_	_	O	_	_	_
what	O	_	O	_	_	O	_	_	_
sublime	O	_	O	_	_	O	_	_	_
self-possession,	O	_	O	_	_	O	_	_	_
breathes	O	_	O	_	_	O	_	_	_
in	O	_	O	_	_	O	_	_	_
every	O	_	O	_	_	O	_	_	_
word!	O	_	O	_	_	O	_	_	EndOfLine
We	O	_	O	_	_	O	_	_	_
see	O	_	O	_	_	O	_	_	_
that	O	_	O	_	_	O	_	_	_
she	O	_	O	_	_	O	_	_	_
has	O	_	O	_	_	O	_	_	_
done	O	_	O	_	_	O	_	_	_
nothing	O	_	O	_	_	O	_	_	_
but	O	_	O	_	_	O	_	_	_
in	O	_	O	_	_	O	_	_	_
care	O	_	O	_	_	O	_	_	_
for	O	_	O	_	_	O	_	_	_
the	O	_	O	_	_	O	_	_	_
army	O	_	O	_	_	O	_	_	_
and	O	_	O	_	_	O	_	_	_
for	O	_	O	_	_	O	_	_	_
Odysseus,	B-pers	_	B-pers.myth	_	_	O	Q47231	_	Partial-0:8
whose	O	_	O	_	_	O	_	_	_
wisdom,	O	_	O	_	_	O	_	_	_
inspired	O	_	O	_	_	O	_	_	_
by	O	_	O	_	_	O	_	_	_
her,	O	_	O	_	_	O	_	_	_
preserves	O	_	O	_	_	O	_	_	_
the	O	_	O	_	_	O	_	_	_
army,	O	_	O	_	_	O	_	_	EndOfLine
In	O	_	O	_	_	O	_	_	_
maddening	O	_	O	_	_	O	_	_	_
Ajax,	B-pers	_	B-pers.myth	_	_	O	Q172725	_	Partial-0:4
she	O	_	O	_	_	O	_	_	_
has	O	_	O	_	_	O	_	_	_
saved	O	_	O	_	_	O	_	_	_
the	O	_	O	_	_	O	_	_	_
generals,	O	_	O	_	_	O	_	_	_
from	O	_	O	_	_	O	_	_	_
whom	O	_	O	_	_	O	_	_	_
she	O	_	O	_	_	O	_	_	_
has	O	_	O	_	_	O	_	_	_
brushed	O	_	O	_	_	O	_	_	_
away	O	_	O	_	_	O	_	_	_
the	O	_	O	_	_	O	_	_	_
impending	O	_	O	_	_	O	_	_	_
danger,	O	_	O	_	_	O	_	_	_
‘as	O	_	O	_	_	O	_	_	_
a	O	_	O	_	_	O	_	_	_
mother	O	_	O	_	_	O	_	_	_
flicks	O	_	O	_	_	O	_	_	_
a	O	_	O	_	_	O	_	_	_
fly	O	_	O	_	_	O	_	_	_
from	O	_	O	_	_	O	_	_	_
her	O	_	O	_	_	O	_	_	_
sleeping	O	_	O	_	_	O	_	_	_
child,’	O	_	O	_	_	O	_	_	_
and	O	_	O	_	_	O	_	_	_
in	O	_	O	_	_	O	_	_	_
the	O	_	O	_	_	O	_	_	_
defeat	O	_	O	_	_	O	_	_	_
which	O	_	O	_	_	O	_	_	_
caused	O	_	O	_	_	O	_	_	_
his	O	_	O	_	_	O	_	_	_
rage	O	_	O	_	_	O	_	_	_
and	O	_	O	_	_	O	_	_	_
made	O	_	O	_	_	O	_	_	_
her	O	_	O	_	_	O	_	_	_
interference	O	_	O	_	_	O	_	_	_
necessary,	O	_	O	_	_	O	_	_	_
he	O	_	O	_	_	O	_	_	_
suffered	O	_	O	_	_	O	_	_	_
the	O	_	O	_	_	O	_	_	_
inevitable	O	_	O	_	_	O	_	_	_
consequence	O	_	O	_	_	O	_	_	_
of	O	_	O	_	_	O	_	_	_
his	O	_	O	_	_	O	_	_	_
overweening	O	_	O	_	_	O	_	_	_
pride.	O	_	O	_	_	O	_	_	EndOfLine
Her	O	_	O	_	_	O	_	_	_
face	O	_	O	_	_	O	_	_	_
is	O	_	O	_	_	O	_	_	_
still	O	_	O	_	_	O	_	_	_
against	O	_	O	_	_	O	_	_	_
him—that	O	_	O	_	_	O	_	_	_
the	O	_	O	_	_	O	_	_	_
spec-	O	_	O	_	_	O	_	_	_
tator	O	_	O	_	_	O	_	_	_
sees—and	O	_	O	_	_	O	_	_	_
her	O	_	O	_	_	O	_	_	_
divine	O	_	O	_	_	O	_	_	_
irony	O	_	O	_	_	O	_	_	_
is	O	_	O	_	_	O	_	_	_
terrible.	O	_	O	_	_	O	_	_	EndOfLine
The	O	_	O	_	_	O	_	_	_
gods	O	_	O	_	_	O	_	_	_
know	O	_	O	_	_	O	_	_	_
no	O	_	O	_	_	O	_	_	_
half-	O	_	O	_	_	O	_	_	_
measures	O	_	O	_	_	O	_	_	_
;	O	_	O	_	_	O	_	_	_
they	O	_	O	_	_	O	_	_	_
are	O	_	O	_	_	O	_	_	_
as	O	_	O	_	_	O	_	_	_
inexorable	O	_	O	_	_	O	_	_	_
‘as	O	_	O	_	_	O	_	_	_
a	O	_	O	_	_	O	_	_	_
law	O	_	O	_	_	O	_	_	_
of	O	_	O	_	_	O	_	_	_
Nature!	O	_	O	_	_	O	_	_	EndOfLine
But	O	_	O	_	_	O	_	_	_
we	O	_	O	_	_	O	_	_	_
are	O	_	O	_	_	O	_	_	_
made	O	_	O	_	_	O	_	_	_
to	O	_	O	_	_	O	_	_	_
feel	O	_	O	_	_	O	_	_	_
that	O	_	O	_	_	O	_	_	_
without	O	_	O	_	_	O	_	_	_
this	O	_	O	_	_	O	_	_	_
act	O	_	O	_	_	O	_	_	_
of	O	_	O	_	_	O	_	_	_
her	O	_	O	_	_	O	_	_	_
displeasure	O	_	O	_	_	O	_	_	_
the	O	_	O	_	_	O	_	_	_
host	O	_	O	_	_	O	_	_	_
must	O	_	O	_	_	O	_	_	_
have	O	_	O	_	_	O	_	_	_
perished,	O	_	O	_	_	O	_	_	_
and	O	_	O	_	_	O	_	_	_
the	O	_	O	_	_	O	_	_	_
severe	O	_	O	_	_	O	_	_	_
warning	O	_	O	_	_	O	_	_	_
to	O	_	O	_	_	O	_	_	_
Odysseus	B-pers	_	B-pers.myth	_	_	O	Q47231	_	_
with	O	_	O	_	_	O	_	_	_
which	O	_	O	_	_	O	_	_	_
she	O	_	O	_	_	O	_	_	_
withdraws	O	_	O	_	_	O	_	_	_
to	O	_	O	_	_	O	_	_	_
the	O	_	O	_	_	O	_	_	_
unseen	O	_	O	_	_	O	_	_	_
Olympus,	B-loc	_	B-loc	_	_	O	Q80344	_	Partial-0:7
justifies	O	_	O	_	_	O	_	_	_
her	O	_	O	_	_	O	_	_	_
in	O	_	O	_	_	O	_	_	_
the	O	_	O	_	_	O	_	_	_
mind	O	_	O	_	_	O	_	_	_
of	O	_	O	_	_	O	_	_	_
the	O	_	O	_	_	O	_	_	_
spectator	O	_	O	_	_	O	_	_	_
of	O	_	O	_	_	O	_	_	_
all	O	_	O	_	_	O	_	_	_
suspicion	O	_	O	_	_	O	_	_	_
of	O	_	O	_	_	O	_	_	_
vindictiveness	O	_	O	_	_	O	_	_	_
and	O	_	O	_	_	O	_	_	_
party	O	_	O	_	_	O	_	_	_
spirit.	O	_	O	_	_	O	_	_	EndOfLine
She	O	_	O	_	_	O	_	_	_
her-	O	_	O	_	_	O	_	_	_
self	O	_	O	_	_	O	_	_	_
draws	O	_	O	_	_	O	_	_	_
from	O	_	O	_	_	O	_	_	_
Odysseus	B-pers	_	B-pers.myth	_	_	O	Q47231	_	_
the	O	_	O	_	_	O	_	_	_
admission	O	_	O	_	_	O	_	_	_
that	O	_	O	_	_	O	_	_	_
Ajax,	B-pers	_	B-pers.myth	_	_	O	Q172725	_	Partial-0:4
when	O	_	O	_	_	O	_	_	_
in	O	_	O	_	_	O	_	_	_
his	O	_	O	_	_	O	_	_	_
right	O	_	O	_	_	O	_	_	_
mind,	O	_	O	_	_	O	_	_	_
was	O	_	O	_	_	O	_	_	_
distinguished	O	_	O	_	_	O	_	_	_
both	O	_	O	_	_	O	_	_	_
for	O	_	O	_	_	O	_	_	_
bravery	O	_	O	_	_	O	_	_	_
and	O	_	O	_	_	O	_	_	_
foresight.	O	_	O	_	_	O	_	_	EndOfLine
ὦ.	O	_	O	_	_	O	_	_	_
Not	O	_	O	_	_	O	_	_	_
so	O	_	O	_	_	O	_	_	_
does	O	_	O	_	_	O	_	_	_
Tecmessa	B-pers	_	B-pers.myth	_	_	O	Q10796858	_	_
in	O	_	O	_	_	O	_	_	_
her	O	_	O	_	_	O	_	_	_
bitter	O	_	O	_	_	O	_	_	_
grief	O	_	O	_	_	O	_	_	_
read	O	_	O	_	_	O	_	_	_
the	O	_	O	_	_	O	_	_	_
lesson	O	_	O	_	_	O	_	_	_
of	O	_	O	_	_	O	_	_	_
the	O	_	O	_	_	O	_	_	EndOfLine
terrible	O	_	O	_	_	O	_	_	_
daughter	O	_	O	_	_	O	_	_	_
of	O	_	O	_	_	O	_	_	_
Zeus	B-pers	_	B-pers.myth	_	_	O	Q34201	_	_
has	O	_	O	_	_	O	_	_	_
contrived	O	_	O	_	_	O	_	_	_
this	O	_	O	_	_	O	_	_	_
calamity	O	_	O	_	_	O	_	_	_
to	O	_	O	_	_	O	_	_	_
please	O	_	O	_	_	O	_	_	_
Odysseus”	B-pers	_	B-pers.myth	_	_	O	Q47231	_	EndOfLine|Partial-0:8
Not	O	_	O	_	_	O	_	_	_
so	O	_	O	_	_	O	_	_	_
does	O	_	O	_	_	O	_	_	_
Ajax	B-pers	_	B-pers.myth	_	_	O	Q172725	_	_
understand	O	_	O	_	_	O	_	_	_
it	O	_	O	_	_	O	_	_	_
in	O	_	O	_	_	O	_	_	_
his	O	_	O	_	_	O	_	_	_
rage.	O	_	O	_	_	O	_	_	EndOfLine
He	O	_	O	_	_	O	_	_	_
only	O	_	O	_	_	O	_	_	_
knows	O	_	O	_	_	O	_	_	_
that	O	_	O	_	_	O	_	_	_
she	O	_	O	_	_	O	_	_	_
has	O	_	O	_	_	O	_	_	_
defeated	O	_	O	_	_	O	_	_	_
his	O	_	O	_	_	O	_	_	_
purpose	O	_	O	_	_	O	_	_	_
:—	O	_	O	_	_	O	_	_	_
The	O	_	O	_	_	O	_	_	_
resistless	O	_	O	_	_	O	_	_	_
goddess	O	_	O	_	_	O	_	_	_
of	O	_	O	_	_	O	_	_	_
the	O	_	O	_	_	O	_	_	_
petrifying	O	_	O	_	_	O	_	_	_
glance,	O	_	O	_	_	O	_	_	_
daughter	O	_	O	_	_	O	_	_	_
of	O	_	O	_	_	O	_	_	_
Zeus,	B-pers	_	B-pers.myth	_	_	O	Q34201	_	Partial-0:4
foiled	O	_	O	_	_	O	_	_	_
me	O	_	O	_	_	O	_	_	_
with	O	_	O	_	_	O	_	_	_
madness	O	_	O	_	_	O	_	_	_
when	O	_	O	_	_	O	_	_	_
in	O	_	O	_	_	O	_	_	_
the	O	_	O	_	_	O	_	_	_
act	O	_	O	_	_	O	_	_	_
of	O	_	O	_	_	O	_	_	_
stretching	O	_	O	_	_	O	_	_	_
forth	O	_	O	_	_	O	_	_	_
my	O	_	O	_	_	O	_	_	_
hand	O	_	O	_	_	O	_	_	_
against	O	_	O	_	_	O	_	_	_
them.’	O	_	O	_	_	O	_	_	EndOfLine
In	O	_	O	_	_	O	_	_	_
his	O	_	O	_	_	O	_	_	_
dissembling	O	_	O	_	_	O	_	_	_
speech	O	_	O	_	_	O	_	_	_
he	O	_	O	_	_	O	_	_	_
professes	O	_	O	_	_	O	_	_	_
himself	O	_	O	_	_	O	_	_	_
anxious	O	_	O	_	_	O	_	_	_
to	O	_	O	_	_	O	_	_	_
avoid	O	_	O	_	_	O	_	_	_
her	O	_	O	_	_	O	_	_	EndOfLine
!	O	_	O	_	_	O	_	_	_
Tt	O	_	O	_	_	O	_	_	_
may	O	_	O	_	_	O	_	_	_
notwithstanding	O	_	O	_	_	O	_	_	_
have	O	_	O	_	_	O	_	_	_
been	O	_	O	_	_	O	_	_	_
analogy	O	_	O	_	_	O	_	_	_
between	O	_	O	_	_	O	_	_	_
sword	O	_	O	_	_	O	_	_	_
and	O	_	O	_	_	O	_	_	_
girdle	O	_	O	_	_	O	_	_	_
more	O	_	O	_	_	O	_	_	_
|	O	_	O	_	_	O	_	_	_
preferred	O	_	O	_	_	O	_	_	_
by	O	_	O	_	_	O	_	_	_
Sophocles,	B-pers	_	B-pers.author	_	_	O	Q11950683	_	Partial-0:9
as	O	_	O	_	_	O	_	_	_
making	O	_	O	_	_	O	_	_	_
the	O	_	O	_	_	O	_	_	_
complete,	O	_	O	_	_	O	_	_	_
See	O	_	O	_	_	O	_	_	_
1029	B-scope	_	B-scope	_	_	O	NIL	_	_
ff,	I-scope	_	I-scope	_	_	O	NIL	_	Partial--5:2
and	O	_	O	_	_	O	_	_	_
note,	O	_	O	_	_	O	_	_	EndOfLine

# document_id = cu31924087948174_0063
# title = Sophocles
# author = Campbell, Lewis
# publication_date = 1881
# publication_place = Oxford
# page = 63

# document_id = sophoclesplaysa05campgoog_0014
# title = Sophocles: The Plays and Fragments
# author = Jebb, Richard Claverhouse
# publication_date = 1896
# publication_place = London
# page = 14

# document_id = sophoclesplaysa05campgoog_0146
# title = Sophocles: The Plays and Fragments
# author = Jebb, Richard Claverhouse
# publication_date = 1896
# publication_place = London
# page = 146

# document_id = sophoclesplaysa05campgoog_0288
# title = Sophocles: The Plays and Fragments
# author = Jebb, Richard Claverhouse
# publication_date = 1896
# publication_place = London
# page = 288

# document_id = Wecklein1894_0007
# title = Sophokleus Aias
# author = Wecklein, Nikolaus
# publication_date = 1894
# publication_place = München
# page = 7
bald	O	_	O	_	_	O	_	_	_
auf	O	_	O	_	_	O	_	_	_
der	O	_	O	_	_	O	_	_	_
Spähe,	O	_	O	_	_	O	_	_	_
um	O	_	O	_	_	O	_	_	_
den	O	_	O	_	_	O	_	_	_
Urheber	O	_	O	_	_	O	_	_	_
feſtzuſtellen	O	_	O	_	_	O	_	_	_
und	O	_	O	_	_	O	_	_	_
Bedeutung	O	_	O	_	_	O	_	_	_
und	O	_	O	_	_	O	_	_	_
Zweck	O	_	O	_	_	O	_	_	_
der	O	_	O	_	_	O	_	_	_
That	O	_	O	_	_	O	_	_	_
auszukundſchaften.	O	_	O	_	_	O	_	_	EndOfLine
Damit	O	_	O	_	_	O	_	_	_
beginnt	O	_	O	_	_	O	_	_	_
die	O	_	O	_	_	O	_	_	_
Handlung.	O	_	O	_	_	O	_	_	EndOfLine
Schon	O	_	O	_	_	O	_	_	_
bei	O	_	O	_	_	O	_	_	_
Homer	B-pers	_	B-pers.author	_	_	O	Q6691	_	_
(vgl.	O	_	O	_	_	O	_	_	_
beſonders	O	_	O	_	_	O	_	_	_
H	B-scope	_	B-scope	_	_	O	NIL	_	_
196	I-scope	_	I-scope	_	_	O	NIL	_	_
ff.,	I-scope	_	I-scope	_	_	O	NIL	_	Partial--6:3
P	B-scope	_	B-scope	_	_	O	NIL	_	_
634,	I-scope	_	I-scope	_	_	O	NIL	_	Partial--2:3
H	B-scope	_	B-scope	_	_	O	NIL	_	_
288,	I-scope	_	I-scope	_	_	O	NIL	_	Partial--2:3
N	B-scope	_	B-scope	_	_	O	NIL	_	_
312	I-scope	_	I-scope	_	_	O	NIL	_	_
f.)	I-scope	_	I-scope	_	_	O	NIL	_	Partial--6:2
find	O	_	O	_	_	O	_	_	_
die	O	_	O	_	_	O	_	_	_
Grundzüge	O	_	O	_	_	O	_	_	_
der	O	_	O	_	_	O	_	_	_
Charakteriſtik	O	_	O	_	_	O	_	_	_
des	O	_	O	_	_	O	_	_	_
Helden	O	_	O	_	_	O	_	_	_
vorgezeichnet.	O	_	O	_	_	O	_	_	EndOfLine
Bei	O	_	O	_	_	O	_	_	_
Sophokles	B-pers	_	B-pers.author	_	_	O	Q11950683	_	_
find	O	_	O	_	_	O	_	_	_
dieſe	O	_	O	_	_	O	_	_	_
Züge	O	_	O	_	_	O	_	_	_
zur	O	_	O	_	_	O	_	_	_
Entwicklung	O	_	O	_	_	O	_	_	_
der	O	_	O	_	_	O	_	_	_
Kataſtrophe	O	_	O	_	_	O	_	_	_
und	O	_	O	_	_	O	_	_	_
zur	O	_	O	_	_	O	_	_	_
ethiſchen	O	_	O	_	_	O	_	_	_
Motivierung	O	_	O	_	_	O	_	_	_
des	O	_	O	_	_	O	_	_	_
Untergangs	O	_	O	_	_	O	_	_	_
des	O	_	O	_	_	O	_	_	_
herrlichen	O	_	O	_	_	O	_	_	_
Mannes	O	_	O	_	_	O	_	_	_
geſteigert	O	_	O	_	_	O	_	_	_
einerſeits	O	_	O	_	_	O	_	_	_
zu	O	_	O	_	_	O	_	_	_
eiferſüchtigem	O	_	O	_	_	O	_	_	_
Ehrgefühl,	O	_	O	_	_	O	_	_	_
andrerſeits	O	_	O	_	_	O	_	_	_
zu	O	_	O	_	_	O	_	_	_
Vermeſſenheit,	O	_	O	_	_	O	_	_	_
ſtarrſinnigem	O	_	O	_	_	O	_	_	_
Troy,	O	_	O	_	_	O	_	_	_
maßloſem	O	_	O	_	_	O	_	_	_
Selbſtgefühl	O	_	O	_	_	O	_	_	_
ohne	O	_	O	_	_	O	_	_	_
Sinn	O	_	O	_	_	O	_	_	_
für	O	_	O	_	_	O	_	_	_
die	O	_	O	_	_	O	_	_	_
Schranken	O	_	O	_	_	O	_	_	_
des	O	_	O	_	_	O	_	_	_
menſch—	O	_	O	_	_	O	_	_	_
lichen	O	_	O	_	_	O	_	_	_
Daſeins,	O	_	O	_	_	O	_	_	_
welche	O	_	O	_	_	O	_	_	_
die	O	_	O	_	_	O	_	_	_
Gottheit,	O	_	O	_	_	O	_	_	_
welche	O	_	O	_	_	O	_	_	_
die	O	_	O	_	_	O	_	_	_
Mitwelt	O	_	O	_	_	O	_	_	_
ſetzt.	O	_	O	_	_	O	_	_	EndOfLine
Dafür	O	_	O	_	_	O	_	_	_
hat	O	_	O	_	_	O	_	_	_
Sophokles,	B-pers	_	B-pers.author	_	_	O	Q11950683	_	Partial-0:9
um	O	_	O	_	_	O	_	_	_
das	O	_	O	_	_	O	_	_	_
Intereſſe	O	_	O	_	_	O	_	_	_
nicht	O	_	O	_	_	O	_	_	_
abzuſchwächen,	O	_	O	_	_	O	_	_	_
das	O	_	O	_	_	O	_	_	_
Spröde	O	_	O	_	_	O	_	_	_
und	O	_	O	_	_	O	_	_	_
Schroffe	O	_	O	_	_	O	_	_	_
des	O	_	O	_	_	O	_	_	_
Charakters	O	_	O	_	_	O	_	_	_
durch	O	_	O	_	_	O	_	_	_
eine	O	_	O	_	_	O	_	_	_
liebens—	O	_	O	_	_	O	_	_	_
würdige	O	_	O	_	_	O	_	_	_
Seite	O	_	O	_	_	O	_	_	_
und	O	_	O	_	_	O	_	_	_
zarte	O	_	O	_	_	O	_	_	_
Gefühle	O	_	O	_	_	O	_	_	_
der	O	_	O	_	_	O	_	_	_
Zuneigung	O	_	O	_	_	O	_	_	_
und	O	_	O	_	_	O	_	_	_
Freund—	O	_	O	_	_	O	_	_	_
ſchaft	O	_	O	_	_	O	_	_	_
in	O	_	O	_	_	O	_	_	_
dem	O	_	O	_	_	O	_	_	_
Verhältnis	O	_	O	_	_	O	_	_	_
des	O	_	O	_	_	O	_	_	_
Aias	B-pers	_	B-pers.myth	_	_	O	Q172725	_	_
zu	O	_	O	_	_	O	_	_	_
ſeiner	O	_	O	_	_	O	_	_	_
Gemahlin	O	_	O	_	_	O	_	_	_
Tekmeſſa,	B-pers	_	B-pers.myth	_	_	O	Q10796858	_	Partial-0:8
ſeinem	O	_	O	_	_	O	_	_	_
Sohn	O	_	O	_	_	O	_	_	_
Euryſakes,	B-pers	_	B-pers.myth	_	_	O	Q1378566	_	Partial-0:9
ſeinen	O	_	O	_	_	O	_	_	_
Mannen,	O	_	O	_	_	O	_	_	_
ſeiner	O	_	O	_	_	O	_	_	_
Heimat,	O	_	O	_	_	O	_	_	_
zu	O	_	O	_	_	O	_	_	_
ſeinem	O	_	O	_	_	O	_	_	_
Vater	O	_	O	_	_	O	_	_	_
Telamon	B-pers	_	B-pers.myth	_	_	O	Q331327	_	_
und	O	_	O	_	_	O	_	_	_
ſeiner	O	_	O	_	_	O	_	_	_
Mutter	O	_	O	_	_	O	_	_	_
Eriböa	B-pers	_	B-pers.myth	_	_	O	Q1295435	_	_
gemildert.	O	_	O	_	_	O	_	_	_
—	O	_	O	_	_	O	_	_	EndOfLine
Eine	O	_	O	_	_	O	_	_	_
Homeriſche	O	_	O	_	_	O	_	_	_
Überlieferung	O	_	O	_	_	O	_	_	_
iſt	O	_	O	_	_	O	_	_	_
auch	O	_	O	_	_	O	_	_	_
der	O	_	O	_	_	O	_	_	_
Streit	O	_	O	_	_	O	_	_	_
um	O	_	O	_	_	O	_	_	_
die	O	_	O	_	_	O	_	_	_
Waſſen	O	_	O	_	_	O	_	_	_
des	O	_	O	_	_	O	_	_	_
Achilleus	B-pers	_	B-pers.myth	_	_	O	Q41746	_	_
und	O	_	O	_	_	O	_	_	_
der	O	_	O	_	_	O	_	_	_
Tod	O	_	O	_	_	O	_	_	_
des	O	_	O	_	_	O	_	_	_
Aias	B-pers	_	B-pers.myth	_	_	O	Q172725	_	_
als	O	_	O	_	_	O	_	_	_
Folge	O	_	O	_	_	O	_	_	_
dieſes	O	_	O	_	_	O	_	_	_
Streites	O	_	O	_	_	O	_	_	_
(4	B-scope	_	B-scope	_	_	O	NIL	_	Partial-1:2
543	I-scope	_	I-scope	_	_	O	NIL	_	_
ff.).	I-scope	_	I-scope	_	_	O	NIL	_	Partial--6:3
—	O	_	O	_	_	O	_	_	EndOfLine
Die	O	_	O	_	_	O	_	_	_
weitere	O	_	O	_	_	O	_	_	_
Ausſchmückung	O	_	O	_	_	O	_	_	_
und	O	_	O	_	_	O	_	_	_
nähere	O	_	O	_	_	O	_	_	_
Motivierung	O	_	O	_	_	O	_	_	_
dieſer	O	_	O	_	_	O	_	_	_
Sage	O	_	O	_	_	O	_	_	_
ſowie	O	_	O	_	_	O	_	_	_
der	O	_	O	_	_	O	_	_	_
Selbſtmord	O	_	O	_	_	O	_	_	_
des	O	_	O	_	_	O	_	_	_
Aias	B-pers	_	B-pers.myth	_	_	O	Q172725	_	_
ge-	O	_	O	_	_	O	_	_	_
hören	O	_	O	_	_	O	_	_	_
dem	O	_	O	_	_	O	_	_	_
nachhomeriſchen	O	_	O	_	_	O	_	_	_
Epos	O	_	O	_	_	O	_	_	_
an.	O	_	O	_	_	O	_	_	EndOfLine
Nach	O	_	O	_	_	O	_	_	_
der	O	_	O	_	_	O	_	_	_
Äthiopis	B-work	_	B-work.primlit	_	_	O	Q410483	_	_
des	O	_	O	_	_	O	_	_	_
Arktinos	B-pers	_	B-pers.author	_	_	O	Q554683	_	_
von	I-pers	_	I-pers.author	_	_	O	Q554683	_	_
Milet	I-pers	_	I-pers.author	_	_	B-loc	Q554683	_	_
(um	B-date	_	B-date	_	_	O	NIL	_	Partial-1:3
770	I-date	_	I-date	_	_	O	NIL	_	_
v.	I-date	_	I-date	_	_	O	NIL	_	_
Chr.)	I-date	_	I-date	_	_	O	NIL	_	Partial--10:4
entſteht	O	_	O	_	_	O	_	_	_
ein	O	_	O	_	_	O	_	_	_
Kampf	O	_	O	_	_	O	_	_	_
um	O	_	O	_	_	O	_	_	_
die	O	_	O	_	_	O	_	_	_
Leiche	O	_	O	_	_	O	_	_	_
des	O	_	O	_	_	O	_	_	_
Achilleus:	B-pers	_	B-pers.myth	_	_	O	Q41746	_	Partial-0:9
Aias	B-pers	_	B-pers.myth	_	_	O	Q172725	_	_
trägt	O	_	O	_	_	O	_	_	_
die	O	_	O	_	_	O	_	_	_
Leiche	O	_	O	_	_	O	_	_	_
davon,	O	_	O	_	_	O	_	_	_
während	O	_	O	_	_	O	_	_	_
Odyſſeus	B-pers	_	B-pers.myth	_	_	O	Q47231	_	_
die	O	_	O	_	_	O	_	_	_
Feinde	O	_	O	_	_	O	_	_	_
abwehrt.	O	_	O	_	_	O	_	_	EndOfLine
Nach	O	_	O	_	_	O	_	_	_
den	O	_	O	_	_	O	_	_	_
Leichenſpielen	O	_	O	_	_	O	_	_	_
werden	O	_	O	_	_	O	_	_	_
die	O	_	O	_	_	O	_	_	_
Waſſen	O	_	O	_	_	O	_	_	_
des	O	_	O	_	_	O	_	_	_
Achilleus	B-pers	_	B-pers.myth	_	_	O	Q41746	_	_
von	O	_	O	_	_	O	_	_	_
ſeiner	O	_	O	_	_	O	_	_	_
Mutter	O	_	O	_	_	O	_	_	_
Thetis	B-pers	_	B-pers.myth	_	_	O	Q184437	_	_
als	O	_	O	_	_	O	_	_	_
Preis	O	_	O	_	_	O	_	_	_
ausgeſetzt;	O	_	O	_	_	O	_	_	_
Aias	B-pers	_	B-pers.myth	_	_	O	Q172725	_	_
und	O	_	O	_	_	O	_	_	_
Odyſſeus	B-pers	_	B-pers.myth	_	_	O	Q47231	_	_
bewerben	O	_	O	_	_	O	_	_	_
ſich	O	_	O	_	_	O	_	_	_
darum.	O	_	O	_	_	O	_	_	EndOfLine
Man	O	_	O	_	_	O	_	_	_
überträgt	O	_	O	_	_	O	_	_	_
die	O	_	O	_	_	O	_	_	_
mißliche	O	_	O	_	_	O	_	_	_
Entſcheidung	O	_	O	_	_	O	_	_	_
troiſchen	O	_	O	_	_	O	_	_	_
Kriegsgefangenen,	O	_	O	_	_	O	_	_	_
welche	O	_	O	_	_	O	_	_	_
angeben	O	_	O	_	_	O	_	_	_
ſollen,	O	_	O	_	_	O	_	_	_
wer	O	_	O	_	_	O	_	_	_
von	O	_	O	_	_	O	_	_	_
beiden	O	_	O	_	_	O	_	_	_
den	O	_	O	_	_	O	_	_	_
Troianern	O	_	O	_	_	O	_	_	_
mehr	O	_	O	_	_	O	_	_	_
Unheil	O	_	O	_	_	O	_	_	_
zugefügt	O	_	O	_	_	O	_	_	_
habe.	O	_	O	_	_	O	_	_	EndOfLine
Dieſe	O	_	O	_	_	O	_	_	_
nennen	O	_	O	_	_	O	_	_	_
den	O	_	O	_	_	O	_	_	_
Odyſjeus.	B-pers	_	B-pers.myth	_	_	O	Q47231	_	EndOfLine|Partial-0:8
Der	O	_	O	_	_	O	_	_	_
ge-	O	_	O	_	_	O	_	_	_
kränkte	O	_	O	_	_	O	_	_	_
Aias	B-pers	_	B-pers.myth	_	_	O	Q172725	_	_
zieht	O	_	O	_	_	O	_	_	_
ſich	O	_	O	_	_	O	_	_	_
zurück	O	_	O	_	_	O	_	_	_
und	O	_	O	_	_	O	_	_	_
erſticht	O	_	O	_	_	O	_	_	_
ſich	O	_	O	_	_	O	_	_	_
am	O	_	O	_	_	O	_	_	_
nächſten	O	_	O	_	_	O	_	_	_
Morgen	O	_	O	_	_	O	_	_	_
mit	O	_	O	_	_	O	_	_	_
feinem	O	_	O	_	_	O	_	_	_
Schwerte.	O	_	O	_	_	O	_	_	_
—	O	_	O	_	_	O	_	_	EndOfLine
In	O	_	O	_	_	O	_	_	_
der	O	_	O	_	_	O	_	_	_
„kleinen	B-work	_	B-work.primlit	_	_	O	Q2087365	_	Partial-1:8
Ilias“	I-work	_	I-work.primlit	_	_	O	Q2087365	_	Partial--8:5
des	O	_	O	_	_	O	_	_	_
Lesches	B-pers	_	B-pers.author	_	_	O	Q2486846	_	_
von	I-pers	_	I-pers.author	_	_	O	Q2486846	_	_
Mytilene	I-pers	_	I-pers.author	_	_	B-loc	Q2486846	_	_
(um	B-date	_	B-date	_	_	O	NIL	_	Partial-1:3
660	I-date	_	I-date	_	_	O	NIL	_	_
v.	I-date	_	I-date	_	_	O	NIL	_	_
Chr.)	I-date	_	I-date	_	_	O	NIL	_	Partial--10:4
belauſchen	O	_	O	_	_	O	_	_	_
Späher,	O	_	O	_	_	O	_	_	_
welche	O	_	O	_	_	O	_	_	_
bei	O	_	O	_	_	O	_	_	_
dem	O	_	O	_	_	O	_	_	_
Streit	O	_	O	_	_	O	_	_	_
um	O	_	O	_	_	O	_	_	_
die	O	_	O	_	_	O	_	_	_
Waffen	O	_	O	_	_	O	_	_	_
ausgeſchickt	O	_	O	_	_	O	_	_	_
werden,	O	_	O	_	_	O	_	_	_
um	O	_	O	_	_	O	_	_	_
das	O	_	O	_	_	O	_	_	_
Urteil	O	_	O	_	_	O	_	_	_
der	O	_	O	_	_	O	_	_	_
Troianer	O	_	O	_	_	O	_	_	_
auszukundſchaften,	O	_	O	_	_	O	_	_	_
zwei	O	_	O	_	_	O	_	_	_
troianiſche	O	_	O	_	_	O	_	_	_
Jungfrauen,	O	_	O	_	_	O	_	_	_
wie	O	_	O	_	_	O	_	_	_
ſie	O	_	O	_	_	O	_	_	_
über	O	_	O	_	_	O	_	_	_
das	O	_	O	_	_	O	_	_	_
Verdienſt	O	_	O	_	_	O	_	_	_
bei	O	_	O	_	_	O	_	_	_
der	O	_	O	_	_	O	_	_	_
Rettung	O	_	O	_	_	O	_	_	_
der	O	_	O	_	_	O	_	_	EndOfLine

# document_id = Wecklein1894_0016
# title = Sophokleus Aias
# author = Wecklein, Nikolaus
# publication_date = 1894
# publication_place = München
# page = 16
möchte.	O	_	O	_	_	O	_	_	EndOfLine
εὔρινος	O	_	O	_	_	O	_	_	_
(Nebenform	O	_	O	_	_	O	_	_	_
zu	O	_	O	_	_	O	_	_	_
εὔοις)	O	_	O	_	_	O	_	_	_
bei	O	_	O	_	_	O	_	_	_
βάσις	O	_	O	_	_	O	_	_	_
worin	O	_	O	_	_	O	_	_	_
τὸ	O	_	O	_	_	O	_	_	_
εὕοινον	O	_	O	_	_	O	_	_	_
ſich	O	_	O	_	_	O	_	_	_
zu	O	_	O	_	_	O	_	_	_
erkennen	O	_	O	_	_	O	_	_	_
gibt,	O	_	O	_	_	O	_	_	_
wie	O	_	O	_	_	O	_	_	_
oft	O	_	O	_	_	O	_	_	_
Epitheta	O	_	O	_	_	O	_	_	_
von	O	_	O	_	_	O	_	_	_
der	O	_	O	_	_	O	_	_	_
Perſon	O	_	O	_	_	O	_	_	_
auf	O	_	O	_	_	O	_	_	_
die	O	_	O	_	_	O	_	_	_
Handlung	O	_	O	_	_	O	_	_	_
übertragen	O	_	O	_	_	O	_	_	_
werden.	O	_	O	_	_	O	_	_	EndOfLine
Die	O	_	O	_	_	O	_	_	_
lakoniſchen	O	_	O	_	_	O	_	_	_
Hunde,	O	_	O	_	_	O	_	_	_
welche	O	_	O	_	_	O	_	_	_
bei	O	_	O	_	_	O	_	_	_
der	O	_	O	_	_	O	_	_	_
Jagd	O	_	O	_	_	O	_	_	_
im	O	_	O	_	_	O	_	_	_
Taygetos	B-loc	_	B-loc	_	_	O	Q515809	_	_
dienten,	O	_	O	_	_	O	_	_	_
werden	O	_	O	_	_	O	_	_	_
ſchon	O	_	O	_	_	O	_	_	_
von	O	_	O	_	_	O	_	_	_
Pindar	B-pers	_	B-pers.author	_	_	O	Q134929	_	_
Fragm.	B-scope	_	B-scope	_	_	O	NIL	_	_
83	I-scope	_	I-scope	_	_	O	NIL	_	_
als	O	_	O	_	_	O	_	_	_
treffliche	O	_	O	_	_	O	_	_	_
Spürhunde	O	_	O	_	_	O	_	_	_
gerühmt.	O	_	O	_	_	O	_	_	_
10.	O	_	O	_	_	O	_	_	_
Das	O	_	O	_	_	O	_	_	_
Epitheton	O	_	O	_	_	O	_	_	_
ξιφοκτόνους	O	_	O	_	_	O	_	_	_
vertritt	O	_	O	_	_	O	_	_	_
die	O	_	O	_	_	O	_	_	_
Stelle	O	_	O	_	_	O	_	_	_
von	O	_	O	_	_	O	_	_	_
aîñuari	O	_	O	_	_	O	_	_	_
(στάζων).	O	_	O	_	_	O	_	_	EndOfLine
18.	O	_	O	_	_	O	_	_	_
ὅτου..	O	_	O	_	_	O	_	_	_
μάϑῃς	O	_	O	_	_	O	_	_	_
D.	O	_	O	_	_	O	_	_	_
i.	O	_	O	_	_	O	_	_	_
ſage	O	_	O	_	_	O	_	_	_
mir,	O	_	O	_	_	O	_	_	_
was	O	_	O	_	_	O	_	_	_
du	O	_	O	_	_	O	_	_	_
erfahren	O	_	O	_	_	O	_	_	_
willſt;	O	_	O	_	_	O	_	_	_
ich	O	_	O	_	_	O	_	_	_
kann	O	_	O	_	_	O	_	_	_
dir	O	_	O	_	_	O	_	_	_
Auskunft	O	_	O	_	_	O	_	_	_
geben.	O	_	O	_	_	O	_	_	EndOfLine
14.	O	_	O	_	_	O	_	_	_
Bei	O	_	O	_	_	O	_	_	_
Sophokles	B-pers	_	B-pers.author	_	_	O	Q11950683	_	_
kommt	O	_	O	_	_	O	_	_	_
nur	O	_	O	_	_	O	_	_	_
die	O	_	O	_	_	O	_	_	_
Form	O	_	O	_	_	O	_	_	_
ϑάνα	O	_	O	_	_	O	_	_	_
vor,	O	_	O	_	_	O	_	_	_
bei	O	_	O	_	_	O	_	_	_
Äſchylos	B-pers	_	B-pers.author	_	_	O	Q40939	_	_
auch	O	_	O	_	_	O	_	_	_
die	O	_	O	_	_	O	_	_	_
alte,	O	_	O	_	_	O	_	_	_
feierliche	O	_	O	_	_	O	_	_	_
Form	O	_	O	_	_	O	_	_	_
᾿4ϑηναία.	O	_	O	_	_	O	_	_	EndOfLine
15.	O	_	O	_	_	O	_	_	_
ὡς	O	_	O	_	_	O	_	_	_
iſt	O	_	O	_	_	O	_	_	_
cauſal.	O	_	O	_	_	O	_	_	_
Odyſſeus	B-pers	_	B-pers.myth	_	_	O	Q47231	_	_
gibt	O	_	O	_	_	O	_	_	_
an,	O	_	O	_	_	O	_	_	_
warum	O	_	O	_	_	O	_	_	_
er	O	_	O	_	_	O	_	_	_
Athena	B-pers	_	B-pers.myth	_	_	O	Q37122	_	_
ſofort	O	_	O	_	_	O	_	_	_
erkannt	O	_	O	_	_	O	_	_	_
habe.	O	_	O	_	_	O	_	_	EndOfLine
εὐμαϑές	O	_	O	_	_	O	_	_	_
iſt	O	_	O	_	_	O	_	_	_
be-	O	_	O	_	_	O	_	_	_
tont	O	_	O	_	_	O	_	_	_
als	O	_	O	_	_	O	_	_	_
Gegenſaß	O	_	O	_	_	O	_	_	_
zu	O	_	O	_	_	O	_	_	_
ἄποπτος	O	_	O	_	_	O	_	_	_
(wenn	O	_	O	_	_	O	_	_	_
ich	O	_	O	_	_	O	_	_	_
dich	O	_	O	_	_	O	_	_	_
auch	O	_	O	_	_	O	_	_	_
nicht	O	_	O	_	_	O	_	_	_
deutlich	O	_	O	_	_	O	_	_	_
ſehe,	O	_	O	_	_	O	_	_	_
er-	O	_	O	_	_	O	_	_	_
kenne	O	_	O	_	_	O	_	_	_
ich	O	_	O	_	_	O	_	_	_
doch	O	_	O	_	_	O	_	_	_
deutlich	O	_	O	_	_	O	_	_	_
deine	O	_	O	_	_	O	_	_	_
Stimme“).	O	_	O	_	_	O	_	_	EndOfLine
—	O	_	O	_	_	O	_	_	_
ἐάν...	O	_	O	_	_	O	_	_	_
ἧς,	O	_	O	_	_	O	_	_	_
immer	O	_	O	_	_	O	_	_	_
wie	O	_	O	_	_	O	_	_	_
jetzt.	O	_	O	_	_	O	_	_	_
—	O	_	O	_	_	O	_	_	EndOfLine
ἄποπτος	O	_	O	_	_	O	_	_	_
(„in	O	_	O	_	_	O	_	_	_
der	O	_	O	_	_	O	_	_	_
Ferne	O	_	O	_	_	O	_	_	_
geſehen“)	O	_	O	_	_	O	_	_	_
entſpricht	O	_	O	_	_	O	_	_	_
der	O	_	O	_	_	O	_	_	_
Illuſion,	O	_	O	_	_	O	_	_	_
für	O	_	O	_	_	O	_	_	_
welche	O	_	O	_	_	O	_	_	_
Athena	B-pers	_	B-pers.myth	_	_	O	Q37122	_	_
hoch	O	_	O	_	_	O	_	_	_
in	O	_	O	_	_	O	_	_	_
den	O	_	O	_	_	O	_	_	_
Wolken	O	_	O	_	_	O	_	_	_
ſchwebt.	O	_	O	_	_	O	_	_	EndOfLine
—	O	_	O	_	_	O	_	_	_
6uos	O	_	O	_	_	O	_	_	_
ſchließt	O	_	O	_	_	O	_	_	_
ſich	O	_	O	_	_	O	_	_	_
dem	O	_	O	_	_	O	_	_	_
Saße	O	_	O	_	_	O	_	_	_
mit	O	_	O	_	_	O	_	_	_
καὶ	O	_	O	_	_	O	_	_	_
εἰ	O	_	O	_	_	O	_	_	_
(ἐάν)	O	_	O	_	_	O	_	_	_
oder	O	_	O	_	_	O	_	_	_
dem	O	_	O	_	_	O	_	_	_
entſprechenden	O	_	O	_	_	O	_	_	_
Participium	O	_	O	_	_	O	_	_	_
an.	O	_	O	_	_	O	_	_	_
Kr.	B-pers	_	B-pers.author	_	_	O	NIL	_	_
I1	B-scope	_	B-scope	_	_	O	NIL	_	_
8	I-scope	_	I-scope	_	_	O	NIL	_	_
56,	I-scope	_	I-scope	_	_	O	NIL	_	_
13,	I-scope	_	I-scope	_	_	O	NIL	_	_
2.	I-scope	_	I-scope	_	_	O	NIL	_	EndOfLine|Partial--13:1
16.	O	_	O	_	_	O	_	_	_
ξυναο-	O	_	O	_	_	O	_	_	_
πάζω	O	_	O	_	_	O	_	_	_
φοενί	O	_	O	_	_	O	_	_	_
gibt	O	_	O	_	_	O	_	_	_
kräftig	O	_	O	_	_	O	_	_	_
die	O	_	O	_	_	O	_	_	_
Metapher,	O	_	O	_	_	O	_	_	_
die	O	_	O	_	_	O	_	_	_
in	O	_	O	_	_	O	_	_	_
συνίημι	O	_	O	_	_	O	_	_	_
niht	O	_	O	_	_	O	_	_	_
mehr	O	_	O	_	_	O	_	_	_
gefühlt	O	_	O	_	_	O	_	_	_
wird,	O	_	O	_	_	O	_	_	_
und	O	_	O	_	_	O	_	_	_
bezeichnet	O	_	O	_	_	O	_	_	_
die	O	_	O	_	_	O	_	_	_
unmittelbare,	O	_	O	_	_	O	_	_	_
raſche	O	_	O	_	_	O	_	_	_
Auffaſſung.	O	_	O	_	_	O	_	_	EndOfLine
17.	O	_	O	_	_	O	_	_	_
Die	O	_	O	_	_	O	_	_	_
er-	O	_	O	_	_	O	_	_	_
ſchütternde	O	_	O	_	_	O	_	_	_
und	O	_	O	_	_	O	_	_	_
das	O	_	O	_	_	O	_	_	_
Herz	O	_	O	_	_	O	_	_	_
erbeben	O	_	O	_	_	O	_	_	_
machende	O	_	O	_	_	O	_	_	_
Stimme	O	_	O	_	_	O	_	_	_
der	O	_	O	_	_	O	_	_	_
Göttin	O	_	O	_	_	O	_	_	_
wird	O	_	O	_	_	O	_	_	_
ver-	O	_	O	_	_	O	_	_	_
glichen	O	_	O	_	_	O	_	_	_
mit	O	_	O	_	_	O	_	_	_
der	O	_	O	_	_	O	_	_	_
διάτορος	O	_	O	_	_	O	_	_	_
Τυοσηνικὴ	O	_	O	_	_	O	_	_	_
σάλπιγξ,	O	_	O	_	_	O	_	_	_
wie	O	_	O	_	_	O	_	_	_
die	O	_	O	_	_	O	_	_	_
Drommete,	O	_	O	_	_	O	_	_	_
als	O	_	O	_	_	O	_	_	_
deren	O	_	O	_	_	O	_	_	_
Erfinder	O	_	O	_	_	O	_	_	_
die	O	_	O	_	_	O	_	_	_
Tyrrhener	O	_	O	_	_	O	_	_	_
(Etrusker)	O	_	O	_	_	O	_	_	_
galten,	O	_	O	_	_	O	_	_	_
Äſch.	B-pers	_	B-pers.author	_	_	O	Q40939	_	_
Eum.	O	_	O	_	_	O	_	_	_
570	B-scope	_	B-scope	_	_	O	NIL	_	_
wegen	O	_	O	_	_	O	_	_	_
ihres	O	_	O	_	_	O	_	_	_
ſcharfen,	O	_	O	_	_	O	_	_	_
ſchmetternden	O	_	O	_	_	O	_	_	_
Tons	O	_	O	_	_	O	_	_	_
genannt	O	_	O	_	_	O	_	_	_
wird.	O	_	O	_	_	O	_	_	EndOfLine
ὡς	O	_	O	_	_	O	_	_	_
(φώνημα)	O	_	O	_	_	O	_	_	_
κώδωνος	O	_	O	_	_	O	_	_	_
(κπώ-	O	_	O	_	_	O	_	_	_
dr	O	_	O	_	_	O	_	_	_
das	O	_	O	_	_	O	_	_	_
Schalloch	O	_	O	_	_	O	_	_	_
der	O	_	O	_	_	O	_	_	_
Drommete	O	_	O	_	_	O	_	_	_
iſt	O	_	O	_	_	O	_	_	_
hier	O	_	O	_	_	O	_	_	_
der	O	_	O	_	_	O	_	_	_
bezeichnende	O	_	O	_	_	O	_	_	_
Teil;	O	_	O	_	_	O	_	_	_
die	O	_	O	_	_	O	_	_	_
nähere	O	_	O	_	_	O	_	_	_
Beſtimmung	O	_	O	_	_	O	_	_	_
liegt	O	_	O	_	_	O	_	_	_
in	O	_	O	_	_	O	_	_	_
Τυοσηνικῆς).	O	_	O	_	_	O	_	_	EndOfLine
Vgl.	O	_	O	_	_	O	_	_	_
Hom.	B-pers	_	B-pers.author	_	_	O	Q6691	_	_
Σ	B-scope	_	B-scope	_	_	O	NIL	_	_
219.	I-scope	_	I-scope	_	_	O	NIL	_	Partial--2:3
181.	O	_	O	_	_	O	_	_	EndOfLine
Mit	O	_	O	_	_	O	_	_	_
καὶ	O	_	O	_	_	O	_	_	_
»ῦν,	O	_	O	_	_	O	_	_	_
welches	O	_	O	_	_	O	_	_	_
zu	O	_	O	_	_	O	_	_	_
ἐπ’	O	_	O	_	_	O	_	_	_
ἀνδοὶ	O	_	O	_	_	O	_	_	_
δυσμενεῖ	O	_	O	_	_	O	_	_	_
1.	O	_	O	_	_	O	_	_	_
κυκλοῦντα	O	_	O	_	_	O	_	_	_
gehört,	O	_	O	_	_	O	_	_	_
beſtätigt	O	_	O	_	_	O	_	_	_
Odyſſeus	B-pers	_	B-pers.myth	_	_	O	Q47231	_	_
die	O	_	O	_	_	O	_	_	_
Übereinſtimmung	O	_	O	_	_	O	_	_	_
mit	O	_	O	_	_	O	_	_	_
ſeinem	O	_	O	_	_	O	_	_	_
ſonſtigen	O	_	O	_	_	O	_	_	_
Thun	O	_	O	_	_	O	_	_	_
(2).	O	_	O	_	_	O	_	_	EndOfLine
Nach	O	_	O	_	_	O	_	_	_
dem	O	_	O	_	_	O	_	_	_
Sinne	O	_	O	_	_	O	_	_	_
des	O	_	O	_	_	O	_	_	_
Odyſſeus	B-pers	_	B-pers.myth	_	_	O	Q47231	_	_
ſoll	O	_	O	_	_	O	_	_	_
Αἴαντι	O	_	O	_	_	O	_	_	_
τ.	O	_	O	_	_	O	_	_	_
o.	O	_	O	_	_	O	_	_	_
eine	O	_	O	_	_	O	_	_	_
überraſchende	O	_	O	_	_	O	_	_	_
Erklärung	O	_	O	_	_	O	_	_	_
zu	O	_	O	_	_	O	_	_	_
ἀνδοὶ	O	_	O	_	_	O	_	_	_
δισ-	O	_	O	_	_	O	_	_	_
μενεῖ	O	_	O	_	_	O	_	_	_
fein.	O	_	O	_	_	O	_	_	EndOfLine
—	O	_	O	_	_	O	_	_	_
σακεσφόρος	O	_	O	_	_	O	_	_	_
heißt	O	_	O	_	_	O	_	_	_
Aias	B-pers	_	B-pers.myth	_	_	O	Q172725	_	_
als	O	_	O	_	_	O	_	_	_
Träger	O	_	O	_	_	O	_	_	_
des	O	_	O	_	_	O	_	_	_
σάκος	O	_	O	_	_	O	_	_	_
ἑπταβόειον	O	_	O	_	_	O	_	_	_
(Hom.	B-pers	_	B-pers.author	_	_	O	Q6691	_	Partial-1:5
H	B-scope	_	B-scope	_	_	O	NIL	_	_
219	I-scope	_	I-scope	_	_	O	NIL	_	_
Αἴας	O	_	O	_	_	O	_	_	_
δ᾽	O	_	O	_	_	O	_	_	_
ἐγγύϑεν	O	_	O	_	_	O	_	_	_
ἦλϑε	O	_	O	_	_	O	_	_	_
φέοων	O	_	O	_	_	O	_	_	_
σάκος	O	_	O	_	_	O	_	_	_
ἠύτε	O	_	O	_	_	O	_	_	_
πύργον).	O	_	O	_	_	O	_	_	_
Vgl.	O	_	O	_	_	O	_	_	_
576.	B-scope	_	B-scope	_	_	O	NIL	_	EndOfLine|Partial-0:3

# document_id = Wecklein1894_0080
# title = Sophokleus Aias
# author = Wecklein, Nikolaus
# publication_date = 1894
# publication_place = München
# page = 80
‘Acc.	O	_	O	_	_	O	_	_	_
des	O	_	O	_	_	O	_	_	_
inneren	O	_	O	_	_	O	_	_	_
Objekts	O	_	O	_	_	O	_	_	_
zu	O	_	O	_	_	O	_	_	_
ἐφυβοίζει,	O	_	O	_	_	O	_	_	_
an	O	_	O	_	_	O	_	_	_
die	O	_	O	_	_	O	_	_	_
Stelle	O	_	O	_	_	O	_	_	_
von	O	_	O	_	_	O	_	_	_
ὕβοιν	O	_	O	_	_	O	_	_	_
tretend	O	_	O	_	_	O	_	_	_
(„er	O	_	O	_	_	O	_	_	_
frönt	O	_	O	_	_	O	_	_	_
mit	O	_	O	_	_	O	_	_	_
Höhnen	O	_	O	_	_	O	_	_	_
ſeinem	O	_	O	_	_	O	_	_	_
finſteren	O	_	O	_	_	O	_	_	_
Sinn“).	O	_	O	_	_	O	_	_	EndOfLine
956.	O	_	O	_	_	O	_	_	_
πολύτλας	O	_	O	_	_	O	_	_	_
(nah	O	_	O	_	_	O	_	_	_
Homer)	B-pers	_	B-pers.author	_	_	O	Q6691	_	Partial-0:5
ironiſch.	O	_	O	_	_	O	_	_	EndOfLine
957.	O	_	O	_	_	O	_	_	_
μαινομένοις	O	_	O	_	_	O	_	_	_
von	O	_	O	_	_	O	_	_	_
der	O	_	O	_	_	O	_	_	_
Perſon	O	_	O	_	_	O	_	_	_
übertragen.	O	_	O	_	_	O	_	_	_
Vgl.	O	_	O	_	_	O	_	_	_
μανιάσιν	O	_	O	_	_	O	_	_	_
νόσοις	O	_	O	_	_	O	_	_	_
59,	B-scope	_	B-scope	_	_	O	NIL	_	EndOfLine|Partial-0:2
959.	O	_	O	_	_	O	_	_	_
ξύν	O	_	O	_	_	O	_	_	_
τε	O	_	O	_	_	O	_	_	_
(γελῶσι)	O	_	O	_	_	O	_	_	_
wie	O	_	O	_	_	O	_	_	_
1288,	B-scope	_	B-scope	_	_	O	NIL	_	Partial-0:4
Ant.	B-work	_	B-work.primlit	_	_	O	Q241077	_	_
85	B-scope	_	B-scope	_	_	O	NIL	_	_
κρυφῇ	O	_	O	_	_	O	_	_	_
δὲ	O	_	O	_	_	O	_	_	_
κεῦϑε,	O	_	O	_	_	O	_	_	_
σὺν	O	_	O	_	_	O	_	_	_
δ᾽	O	_	O	_	_	O	_	_	_
αὕτως	O	_	O	_	_	O	_	_	_
ἐγώ.	O	_	O	_	_	O	_	_	_
Kr.	B-pers	_	B-pers.author	_	_	O	NIL	_	_
II	B-scope	_	B-scope	_	_	O	NIL	_	_
8	I-scope	_	I-scope	_	_	O	NIL	_	_
68,	I-scope	_	I-scope	_	_	O	NIL	_	_
2,	I-scope	_	I-scope	_	_	O	NIL	_	_
2.	I-scope	_	I-scope	_	_	O	NIL	_	EndOfLine|Partial--12:1
962.	O	_	O	_	_	O	_	_	_
βλέποντα,	O	_	O	_	_	O	_	_	_
ζῶντα.	O	_	O	_	_	O	_	_	EndOfLine
968.	O	_	O	_	_	O	_	_	_
οἰμώξειαν	O	_	O	_	_	O	_	_	_
Ὁ.	O	_	O	_	_	O	_	_	_
i.	O	_	O	_	_	O	_	_	_
ſchmerzlich	O	_	O	_	_	O	_	_	_
vermiſſen.	O	_	O	_	_	O	_	_	EndOfLine
=	O	_	O	_	_	O	_	_	_
ἐν	O	_	O	_	_	O	_	_	_
χρείᾳ	O	_	O	_	_	O	_	_	_
6.,	O	_	O	_	_	O	_	_	_
bei	O	_	O	_	_	O	_	_	_
dem	O	_	O	_	_	O	_	_	_
Bedürfnis	O	_	O	_	_	O	_	_	_
des	O	_	O	_	_	O	_	_	_
Kampfes,	O	_	O	_	_	O	_	_	_
wenn	O	_	O	_	_	O	_	_	_
ſie	O	_	O	_	_	O	_	_	_
ihn	O	_	O	_	_	O	_	_	_
im	O	_	O	_	_	O	_	_	_
Kampfe	O	_	O	_	_	O	_	_	_
brauchen	O	_	O	_	_	O	_	_	_
könnten.	O	_	O	_	_	O	_	_	EndOfLine
Zur	O	_	O	_	_	O	_	_	_
Sache	O	_	O	_	_	O	_	_	_
vgl.	O	_	O	_	_	O	_	_	_
Hom.	B-pers	_	B-pers.author	_	_	O	Q6691	_	_
Ρ	B-scope	_	B-scope	_	_	O	NIL	_	_
102.	I-scope	_	I-scope	_	_	O	NIL	_	EndOfLine|Partial--2:3
964.	O	_	O	_	_	O	_	_	_
κακοὶ	O	_	O	_	_	O	_	_	_
γνώμαισι,	O	_	O	_	_	O	_	_	_
κακοὶ	O	_	O	_	_	O	_	_	_
τὰς	O	_	O	_	_	O	_	_	_
γνώμας.	O	_	O	_	_	O	_	_	_
Kr.	O	_	O	_	_	O	_	_	_
I	B-scope	_	B-scope	_	_	O	NIL	_	_
8	I-scope	_	I-scope	_	_	O	NIL	_	_
46,	I-scope	_	I-scope	_	_	O	NIL	_	_
4,	I-scope	_	I-scope	_	_	O	NIL	_	_
1.	I-scope	_	I-scope	_	_	O	NIL	_	Partial--11:1
Cu.	B-pers	_	B-pers.author	_	_	O	NIL	_	_
$	B-scope	_	B-scope	_	_	O	NIL	_	_
1720.	I-scope	_	I-scope	_	_	O	NIL	_	Partial--2:4
Ko.	B-pers	_	B-pers.author	_	_	O	NIL	_	_
8	B-scope	_	B-scope	_	_	O	NIL	_	_
85,	I-scope	_	I-scope	_	_	O	NIL	_	_
6.	I-scope	_	I-scope	_	_	O	NIL	_	Partial--6:1
Ku.	B-pers	_	B-pers.author	_	_	O	NIL	_	_
$	B-scope	_	B-scope	_	_	O	NIL	_	_
39.	I-scope	_	I-scope	_	_	O	NIL	_	EndOfLine|Partial--2:2
965.	O	_	O	_	_	O	_	_	_
zow	O	_	O	_	_	O	_	_	_
ohne	O	_	O	_	_	O	_	_	_
ἄν:	O	_	O	_	_	O	_	_	_
zu	O	_	O	_	_	O	_	_	_
555.	B-scope	_	B-scope	_	_	O	NIL	_	Partial-0:3
—	O	_	O	_	_	O	_	_	_
τὶς	O	_	O	_	_	O	_	_	_
ἐκβάλῃ,	O	_	O	_	_	O	_	_	_
ἐκβάλωσι.	O	_	O	_	_	O	_	_	_
Vgl.	O	_	O	_	_	O	_	_	_
Plaut.	B-pers	_	B-pers.author	_	_	O	Q47160	_	_
Captiv.	B-work	_	B-work.primlit	_	_	O	Q1035171	_	_
142	B-scope	_	B-scope	_	_	O	NIL	_	_
tum	O	_	O	_	_	O	_	_	_
denique	O	_	O	_	_	O	_	_	_
homines	O	_	O	_	_	O	_	_	_
nostra	O	_	O	_	_	O	_	_	_
intellegimus	O	_	O	_	_	O	_	_	_
bona,	O	_	O	_	_	O	_	_	_
quom	O	_	O	_	_	O	_	_	_
quae	O	_	O	_	_	O	_	_	_
in	O	_	O	_	_	O	_	_	_
potestate	O	_	O	_	_	O	_	_	_
habuimus,	O	_	O	_	_	O	_	_	_
ea	O	_	O	_	_	O	_	_	_
amisimus,	O	_	O	_	_	O	_	_	_
Hor.	B-pers	_	B-pers.author	_	_	O	Q6197	_	_
carm.	B-work	_	B-work.primlit	_	_	O	Q943884	_	_
III	B-scope	_	B-scope	_	_	O	NIL	_	_
24,	I-scope	_	I-scope	_	_	O	NIL	_	_
31	I-scope	_	I-scope	_	_	O	NIL	_	_
virtutem	O	_	O	_	_	O	_	_	_
incolumem	O	_	O	_	_	O	_	_	_
odimus,	O	_	O	_	_	O	_	_	_
sublatam	O	_	O	_	_	O	_	_	_
ex	O	_	O	_	_	O	_	_	_
oculis	O	_	O	_	_	O	_	_	_
quaerimus	O	_	O	_	_	O	_	_	_
invidi.	O	_	O	_	_	O	_	_	EndOfLine
966.	O	_	O	_	_	O	_	_	_
Die	O	_	O	_	_	O	_	_	_
ein-	O	_	O	_	_	O	_	_	_
geſchloſſenen	O	_	O	_	_	O	_	_	_
Verſe	O	_	O	_	_	O	_	_	_
ſtehen	O	_	O	_	_	O	_	_	_
mit	O	_	O	_	_	O	_	_	_
dem	O	_	O	_	_	O	_	_	_
Vorhergehenden	O	_	O	_	_	O	_	_	_
niht	O	_	O	_	_	O	_	_	_
in	O	_	O	_	_	O	_	_	_
Zuſammen—	O	_	O	_	_	O	_	_	_
hang	O	_	O	_	_	O	_	_	_
und	O	_	O	_	_	O	_	_	_
kennzeichnen	O	_	O	_	_	O	_	_	_
ſich	O	_	O	_	_	O	_	_	_
als	O	_	O	_	_	O	_	_	_
eine	O	_	O	_	_	O	_	_	_
den	O	_	O	_	_	O	_	_	_
Gedanken	O	_	O	_	_	O	_	_	_
von	O	_	O	_	_	O	_	_	_
970-973	B-scope	_	B-scope	_	_	O	NIL	_	_
in	O	_	O	_	_	O	_	_	_
etwas	O	_	O	_	_	O	_	_	_
anderer	O	_	O	_	_	O	_	_	_
Weiſe	O	_	O	_	_	O	_	_	_
wiedergebende	O	_	O	_	_	O	_	_	_
Interpolation.	O	_	O	_	_	O	_	_	EndOfLine
Nah	O	_	O	_	_	O	_	_	_
Ausſcheidung	O	_	O	_	_	O	_	_	_
dieſer	O	_	O	_	_	O	_	_	_
Verſe	O	_	O	_	_	O	_	_	_
wird	O	_	O	_	_	O	_	_	_
auch	O	_	O	_	_	O	_	_	_
915—924=961—973.	B-scope	_	B-scope	_	_	B-scope	NIL	_	EndOfLine|Partial-0:7
969.	O	_	O	_	_	O	_	_	_
Nach	O	_	O	_	_	O	_	_	_
dem	O	_	O	_	_	O	_	_	_
Gedanken	O	_	O	_	_	O	_	_	_
„ſte	O	_	O	_	_	O	_	_	_
mögen	O	_	O	_	_	O	_	_	_
hohnlachen;	O	_	O	_	_	O	_	_	_
vielleicht	O	_	O	_	_	O	_	_	_
werden	O	_	O	_	_	O	_	_	_
ſie	O	_	O	_	_	O	_	_	_
eines	O	_	O	_	_	O	_	_	_
Beſſeren	O	_	O	_	_	O	_	_	_
belehrt	O	_	O	_	_	O	_	_	_
werden“	O	_	O	_	_	O	_	_	_
folgt	O	_	O	_	_	O	_	_	_
der	O	_	O	_	_	O	_	_	_
Gedanke	O	_	O	_	_	O	_	_	_
„übrigens	O	_	O	_	_	O	_	_	_
ift	O	_	O	_	_	O	_	_	_
ihr	O	_	O	_	_	O	_	_	_
Hohn	O	_	O	_	_	O	_	_	_
unbegründet“.	O	_	O	_	_	O	_	_	EndOfLine
—	O	_	O	_	_	O	_	_	_
ἐπεγγελᾶν	O	_	O	_	_	O	_	_	_
κατά	O	_	O	_	_	O	_	_	_
wie	O	_	O	_	_	O	_	_	_
Od.	B-work	_	B-work.primlit	_	_	O	Q294001	_	_
K.	I-work	_	I-work.primlit	_	_	B-scope	Q294001	_	_
1339	I-scope	_	I-scope	_	_	O	NIL	_	_
καϑ'	O	_	O	_	_	O	_	_	_
ἡμῶν	O	_	O	_	_	O	_	_	_
ἐγγελῶν.	O	_	O	_	_	O	_	_	EndOfLine
Die	O	_	O	_	_	O	_	_	_
richtige	O	_	O	_	_	O	_	_	_
Form	O	_	O	_	_	O	_	_	_
erhielte	O	_	O	_	_	O	_	_	_
der	O	_	O	_	_	O	_	_	_
Vers	O	_	O	_	_	O	_	_	_
mit	O	_	O	_	_	O	_	_	_
ri	O	_	O	_	_	O	_	_	_
δῆτα	O	_	O	_	_	O	_	_	_
τἀνδοὸς	O	_	O	_	_	O	_	_	_
ἐγγελῷεν	O	_	O	_	_	O	_	_	_
ἂν	O	_	O	_	_	O	_	_	_
κάτα.	O	_	O	_	_	O	_	_	EndOfLine
970f.	B-scope	_	B-scope	_	_	O	NIL	_	_
Die	O	_	O	_	_	O	_	_	_
Feinde	O	_	O	_	_	O	_	_	_
können	O	_	O	_	_	O	_	_	_
ſich	O	_	O	_	_	O	_	_	_
des	O	_	O	_	_	O	_	_	_
Todes	O	_	O	_	_	O	_	_	_
des	O	_	O	_	_	O	_	_	_
Aias	B-pers	_	B-pers.myth	_	_	O	Q172725	_	_
nicht	O	_	O	_	_	O	_	_	_
als	O	_	O	_	_	O	_	_	_
eines	O	_	O	_	_	O	_	_	_
Werkes	O	_	O	_	_	O	_	_	_
ihrer	O	_	O	_	_	O	_	_	_
Rache	O	_	O	_	_	O	_	_	_
freuen	O	_	O	_	_	O	_	_	_
und	O	_	O	_	_	O	_	_	_
rühmen.	O	_	O	_	_	O	_	_	EndOfLine
Dieſem	O	_	O	_	_	O	_	_	_
Sinne	O	_	O	_	_	O	_	_	_
entſpricht	O	_	O	_	_	O	_	_	_
auch	O	_	O	_	_	O	_	_	_
der	O	_	O	_	_	O	_	_	_
Dativ	O	_	O	_	_	O	_	_	EndOfLine

# document_id = Wecklein1894_0087
# title = Sophokleus Aias
# author = Wecklein, Nikolaus
# publication_date = 1894
# publication_place = München
# page = 87
pareat.	O	_	O	_	_	O	_	_	EndOfLine
1076.	O	_	O	_	_	O	_	_	_
πρόβλημα	O	_	O	_	_	O	_	_	_
Ὁ.	O	_	O	_	_	O	_	_	_
i.	O	_	O	_	_	O	_	_	_
dem	O	_	O	_	_	O	_	_	_
nicht	O	_	O	_	_	O	_	_	_
etwas,	O	_	O	_	_	O	_	_	_
das	O	_	O	_	_	O	_	_	_
er	O	_	O	_	_	O	_	_	_
fürchtet	O	_	O	_	_	O	_	_	_
und	O	_	O	_	_	O	_	_	_
ſcheut,	O	_	O	_	_	O	_	_	_
vor	O	_	O	_	_	O	_	_	_
Augen	O	_	O	_	_	O	_	_	_
ſteht.	O	_	O	_	_	O	_	_	EndOfLine
—	O	_	O	_	_	O	_	_	_
Der	O	_	O	_	_	O	_	_	_
Schol.	O	_	O	_	_	O	_	_	_
führt	O	_	O	_	_	O	_	_	_
einen	O	_	O	_	_	O	_	_	_
Spruch	O	_	O	_	_	O	_	_	_
des	O	_	O	_	_	O	_	_	_
Epicharm	B-pers	_	B-pers.author	_	_	O	Q312410	_	_
an:	O	_	O	_	_	O	_	_	_
ἔνϑα	O	_	O	_	_	O	_	_	_
δέος,	O	_	O	_	_	O	_	_	_
ἐνταῦϑα	O	_	O	_	_	O	_	_	_
καὶ	O	_	O	_	_	O	_	_	_
αἰδώς.	O	_	O	_	_	O	_	_	EndOfLine
Die	O	_	O	_	_	O	_	_	_
Furcht	O	_	O	_	_	O	_	_	_
galt	O	_	O	_	_	O	_	_	_
den	O	_	O	_	_	O	_	_	_
Griechen	O	_	O	_	_	O	_	_	_
als	O	_	O	_	_	O	_	_	_
Haltpunkt	O	_	O	_	_	O	_	_	_
jeder	O	_	O	_	_	O	_	_	_
geſellſchaftlichen	O	_	O	_	_	O	_	_	_
Ordnung.	O	_	O	_	_	O	_	_	EndOfLine
1077.	O	_	O	_	_	O	_	_	_
γεννήσῃ	O	_	O	_	_	O	_	_	_
hat	O	_	O	_	_	O	_	_	_
Sophokles	B-pers	_	B-pers.author	_	_	O	Q11950683	_	_
nach	O	_	O	_	_	O	_	_	_
Analogie	O	_	O	_	_	O	_	_	_
von	O	_	O	_	_	O	_	_	_
φύειν	O	_	O	_	_	O	_	_	_
(πώγωνα,	O	_	O	_	_	O	_	_	_
πτερά,	O	_	O	_	_	O	_	_	_
ὀδόντας)	O	_	O	_	_	O	_	_	_
gebraucht.	O	_	O	_	_	O	_	_	EndOfLine
—	O	_	O	_	_	O	_	_	_
μέγα	O	_	O	_	_	O	_	_	_
proleptiſches	O	_	O	_	_	O	_	_	_
Prädikat	O	_	O	_	_	O	_	_	_
wie	O	_	O	_	_	O	_	_	_
δεινόν	O	_	O	_	_	O	_	_	_
1124.	B-scope	_	B-scope	_	_	O	NIL	_	EndOfLine|Partial-0:4
1080.	O	_	O	_	_	O	_	_	_
Vgl.	O	_	O	_	_	O	_	_	_
Hom.	B-pers	_	B-pers.author	_	_	O	Q6691	_	_
E	B-scope	_	B-scope	_	_	O	NIL	_	_
351	I-scope	_	I-scope	_	_	O	NIL	_	_
αἰδομένων	O	_	O	_	_	O	_	_	_
ἀνδρῶν	O	_	O	_	_	O	_	_	_
πλέονες	O	_	O	_	_	O	_	_	_
σόοι	O	_	O	_	_	O	_	_	_
ἠὲ	O	_	O	_	_	O	_	_	_
πέφανται,	O	_	O	_	_	O	_	_	_
Ant.675	B-work	_	B-work.primlit	_	_	B-scope	Q241077	_	Partial-0:4
f.	I-scope	_	I-scope	_	_	O	NIL	_	EndOfLine
1081f.	B-scope	_	B-scope	_	_	O	NIL	_	_
ὅτου...	O	_	O	_	_	O	_	_	_
ταύτην	O	_	O	_	_	O	_	_	_
τὴν	O	_	O	_	_	O	_	_	_
πόλιν	O	_	O	_	_	O	_	_	_
wie	O	_	O	_	_	O	_	_	_
Phil.	B-work	_	B-work.primlit	_	_	O	Q1415903	_	_
456	B-scope	_	B-scope	_	_	O	NIL	_	_
ὅπου	O	_	O	_	_	O	_	_	_
..	O	_	O	_	_	O	_	_	_
τούτους	O	_	O	_	_	O	_	_	_
τοὺς	O	_	O	_	_	O	_	_	_
ἄνδρας.	O	_	O	_	_	O	_	_	EndOfLine
---	O	_	O	_	_	O	_	_	_
δοᾶν	O	_	O	_	_	O	_	_	_
ἃ	O	_	O	_	_	O	_	_	_
βούλεται	O	_	O	_	_	O	_	_	_
(willkürlich	O	_	O	_	_	O	_	_	_
ſchalten	O	_	O	_	_	O	_	_	_
und	O	_	O	_	_	O	_	_	_
walten):	O	_	O	_	_	O	_	_	_
Subjekt	O	_	O	_	_	O	_	_	_
iſt	O	_	O	_	_	O	_	_	_
der	O	_	O	_	_	O	_	_	_
bei	O	_	O	_	_	O	_	_	_
ὑβοίζειν	O	_	O	_	_	O	_	_	_
δοᾶν	O	_	O	_	_	O	_	_	_
τε	O	_	O	_	_	O	_	_	_
vorſchwebende	O	_	O	_	_	O	_	_	_
allgemeine	O	_	O	_	_	O	_	_	_
Begriff	O	_	O	_	_	O	_	_	_
(ris)	O	_	O	_	_	O	_	_	_
Kr.	B-pers	_	B-pers.author	_	_	O	NIL	_	_
1	B-scope	_	B-scope	_	_	O	NIL	_	_
8	I-scope	_	I-scope	_	_	O	NIL	_	_
64,	I-scope	_	I-scope	_	_	O	NIL	_	_
4,5.	I-scope	_	I-scope	_	_	O	NIL	_	EndOfLine|Partial--8:3
—	O	_	O	_	_	O	_	_	_
παοῇ:	O	_	O	_	_	O	_	_	_
zu	O	_	O	_	_	O	_	_	_
496.	B-scope	_	B-scope	_	_	O	NIL	_	EndOfLine|Partial-0:3
1083.	O	_	O	_	_	O	_	_	_
Es	O	_	O	_	_	O	_	_	_
findet	O	_	O	_	_	O	_	_	_
ſich	O	_	O	_	_	O	_	_	_
ἐξ	O	_	O	_	_	O	_	_	_
ovoim»	O	_	O	_	_	O	_	_	_
(πνευμάτων)	O	_	O	_	_	O	_	_	_
Dew,	O	_	O	_	_	O	_	_	_
πλεῖν,	O	_	O	_	_	O	_	_	_
φέρεσϑαι	O	_	O	_	_	O	_	_	_
wie	O	_	O	_	_	O	_	_	_
ἐξ	O	_	O	_	_	O	_	_	_
οὐρίας	O	_	O	_	_	O	_	_	_
πλεῖν,	O	_	O	_	_	O	_	_	_
κομίζεσϑαι	O	_	O	_	_	O	_	_	_
(Beiſpiele	O	_	O	_	_	O	_	_	_
bei	O	_	O	_	_	O	_	_	_
Lobeck).	O	_	O	_	_	O	_	_	EndOfLine
In	O	_	O	_	_	O	_	_	_
demſelben	O	_	O	_	_	O	_	_	_
Sinne	O	_	O	_	_	O	_	_	_
ſteht	O	_	O	_	_	O	_	_	_
οὔρια	O	_	O	_	_	O	_	_	_
ϑεῖν	O	_	O	_	_	O	_	_	_
(mit	O	_	O	_	_	O	_	_	_
günſtigem	O	_	O	_	_	O	_	_	_
Winde	O	_	O	_	_	O	_	_	_
fahren).	O	_	O	_	_	O	_	_	EndOfLine
—	O	_	O	_	_	O	_	_	_
πεσεῖν:	O	_	O	_	_	O	_	_	_
das	O	_	O	_	_	O	_	_	_
Futurum	O	_	O	_	_	O	_	_	_
wird	O	_	O	_	_	O	_	_	_
durch	O	_	O	_	_	O	_	_	_
χοόνῳ	O	_	O	_	_	O	_	_	_
ποτὲ	O	_	O	_	_	O	_	_	_
(„früher	O	_	O	_	_	O	_	_	_
oder	O	_	O	_	_	O	_	_	_
ſpäter“)	O	_	O	_	_	O	_	_	_
vertreten.	O	_	O	_	_	O	_	_	EndOfLine
1084.	O	_	O	_	_	O	_	_	_
καὶ	O	_	O	_	_	O	_	_	_
δέος,	O	_	O	_	_	O	_	_	_
auch	O	_	O	_	_	O	_	_	_
Furcht,	O	_	O	_	_	O	_	_	_
nicht	O	_	O	_	_	O	_	_	_
bloß	O	_	O	_	_	O	_	_	_
Willkür.	O	_	O	_	_	O	_	_	EndOfLine
—	O	_	O	_	_	O	_	_	_
καίριον,	O	_	O	_	_	O	_	_	_
zu	O	_	O	_	_	O	_	_	_
rechter	O	_	O	_	_	O	_	_	_
Zeit	O	_	O	_	_	O	_	_	_
ſich	O	_	O	_	_	O	_	_	_
εἰπε	O	_	O	_	_	O	_	_	_
ſtellend,	O	_	O	_	_	O	_	_	_
heilſam.	O	_	O	_	_	O	_	_	EndOfLine
—	O	_	O	_	_	O	_	_	_
Vgl.	O	_	O	_	_	O	_	_	_
Aſh.	B-pers	_	B-pers.author	_	_	O	Q40939	_	_
Eum.	B-work	_	B-work.primlit	_	_	O	Q1233164	_	_
520	B-scope	_	B-scope	_	_	O	NIL	_	_
#00?	O	_	O	_	_	O	_	_	_
ὅπου	O	_	O	_	_	O	_	_	_
τὸ	O	_	O	_	_	O	_	_	_
δεινὸν	O	_	O	_	_	O	_	_	_
εὖ...	O	_	O	_	_	O	_	_	_
ξυμφέρει	O	_	O	_	_	O	_	_	_
σωφοονεῖν	O	_	O	_	_	O	_	_	_
ὑπὸ	O	_	O	_	_	O	_	_	_
στένει.	O	_	O	_	_	O	_	_	EndOfLine
1085	O	_	O	_	_	O	_	_	_
1.	O	_	O	_	_	O	_	_	_
Über	O	_	O	_	_	O	_	_	_
ἥδεσϑαί	O	_	O	_	_	O	_	_	_
τι	O	_	O	_	_	O	_	_	_
Kr.	B-pers	_	B-pers.author	_	_	O	NIL	_	_
8	B-scope	_	B-scope	_	_	O	NIL	_	_
46,	I-scope	_	I-scope	_	_	O	NIL	_	_
6,9,	I-scope	_	I-scope	_	_	O	NIL	_	Partial--6:3
Cu.	B-pers	_	B-pers.author	_	_	O	NIL	_	_
8	B-scope	_	B-scope	_	_	O	NIL	_	_
153,	I-scope	_	I-scope	_	_	O	NIL	_	_
3,	I-scope	_	I-scope	_	_	O	NIL	_	Partial--7:1
Kr.	B-pers	_	B-pers.author	_	_	O	NIL	_	_
8	B-scope	_	B-scope	_	_	O	NIL	_	_
83,	I-scope	_	I-scope	_	_	O	NIL	_	Partial--2:2
Ku.	B-pers	_	B-pers.author	_	_	O	NIL	_	Partial-0:2
825,	B-scope	_	B-scope	_	_	O	NIL	_	_
3.	O	_	O	_	_	O	_	_	EndOfLine
—	O	_	O	_	_	O	_	_	_
Der	O	_	O	_	_	O	_	_	_
Endreim	O	_	O	_	_	O	_	_	_
hebt	O	_	O	_	_	O	_	_	_
das	O	_	O	_	_	O	_	_	_
Gleich—	O	_	O	_	_	O	_	_	_
mäßige	O	_	O	_	_	O	_	_	_
des	O	_	O	_	_	O	_	_	_
Inhalts.	O	_	O	_	_	O	_	_	EndOfLine
1090.	O	_	O	_	_	O	_	_	_
Vgl.	O	_	O	_	_	O	_	_	_
Eur.	B-pers	_	B-pers.author	_	_	O	Q48305	_	_
Phön.	B-work	_	B-work.primlit	_	_	O	Q1233660	_	_
1657	B-scope	_	B-scope	_	_	O	NIL	_	_
Antigone:	O	_	O	_	_	O	_	_	_
ἐγώ	O	_	O	_	_	O	_	_	_
σφε	O	_	O	_	_	O	_	_	_
,	O	_	O	_	_	O	_	_	_
4	O	_	O	_	_	O	_	_	_
IA	O	_	O	_	_	O	_	_	_
,	O	_	O	_	_	O	_	_	_
1	O	_	O	_	_	O	_	_	_
—	O	_	O	_	_	O	_	_	_
ϑάψω,	O	_	O	_	_	O	_	_	_
κἂν	O	_	O	_	_	O	_	_	_
ἀπεγνέπῃ	O	_	O	_	_	O	_	_	_
πόλις.	O	_	O	_	_	O	_	_	EndOfLine
Kreon:	B-pers	_	B-pers.myth	_	_	O	Q732066	_	Partial-0:5
σαυτὴν	O	_	O	_	_	O	_	_	_
ds	O	_	O	_	_	O	_	_	_
ἐγγὺς	O	_	O	_	_	O	_	_	_
τῷδε	O	_	O	_	_	O	_	_	_
συνϑάψεις	O	_	O	_	_	O	_	_	_
νεκρῷ.	O	_	O	_	_	O	_	_	EndOfLine

# document_id = sophokle1v3soph_0017
# title = Sophokles, erklärt
# author = Schneidewin, Friedrich Wilhelm
# publication_date = Leipzig
# publication_place = 1853
# page = 17
hören,	O	_	O	_	_	O	_	_	_
unmittelbar	O	_	O	_	_	O	_	_	_
aber	O	_	O	_	_	O	_	_	_
das	O	_	O	_	_	O	_	_	_
kluge	O	_	O	_	_	O	_	_	_
σιγῇ	O	_	O	_	_	O	_	_	_
ἐφ᾽	O	_	O	_	_	O	_	_	_
ὑμείων	O	_	O	_	_	O	_	_	_
stolz	O	_	O	_	_	O	_	_	_
verbessernd	O	_	O	_	_	O	_	_	_
ausruft:	O	_	O	_	_	O	_	_	EndOfLine
ἠὲ	O	_	O	_	_	O	_	_	_
καὶ	O	_	O	_	_	O	_	_	_
aupadinv,	O	_	O	_	_	O	_	_	_
ἐπεὶ	O	_	O	_	_	O	_	_	_
οὔ	O	_	O	_	_	O	_	_	_
τινα	O	_	O	_	_	O	_	_	_
δείδιμεν	O	_	O	_	_	O	_	_	_
ἔμπης	O	_	O	_	_	O	_	_	_
"	O	_	O	_	_	O	_	_	_
οὐ	O	_	O	_	_	O	_	_	_
γάρ	O	_	O	_	_	O	_	_	_
τίς	O	_	O	_	_	O	_	_	_
μὲ	O	_	O	_	_	O	_	_	_
βίῃ	O	_	O	_	_	O	_	_	_
γε	O	_	O	_	_	O	_	_	_
ἑκὼν	O	_	O	_	_	O	_	_	_
ἀέχοντα	O	_	O	_	_	O	_	_	_
δίηται,	O	_	O	_	_	O	_	_	_
οὐδέ	O	_	O	_	_	O	_	_	_
τι	O	_	O	_	_	O	_	_	_
ἰδρείη,	O	_	O	_	_	O	_	_	_
ἐπεὶ	O	_	O	_	_	O	_	_	_
οὐδ᾽	O	_	O	_	_	O	_	_	_
ἐμὲ	O	_	O	_	_	O	_	_	_
νήϊδά	O	_	O	_	_	O	_	_	_
γ᾽	O	_	O	_	_	O	_	_	_
οὕτως	O	_	O	_	_	O	_	_	_
ἔλπομαι	O	_	O	_	_	O	_	_	_
ἐν	O	_	O	_	_	O	_	_	_
Σαλαμῖνι	O	_	O	_	_	O	_	_	_
γενέσϑαι	O	_	O	_	_	O	_	_	_
τε	O	_	O	_	_	O	_	_	_
τραφέμεν	O	_	O	_	_	O	_	_	_
τε.	O	_	O	_	_	O	_	_	EndOfLine
Man	O	_	O	_	_	O	_	_	_
vgl.	O	_	O	_	_	O	_	_	_
226	B-scope	_	B-scope	_	_	O	NIL	_	_
ff.	I-scope	_	I-scope	_	_	O	NIL	_	_
und	O	_	O	_	_	O	_	_	_
die	O	_	O	_	_	O	_	_	_
Drohung	O	_	O	_	_	O	_	_	_
gegen	O	_	O	_	_	O	_	_	_
Hektor	B-pers	_	B-pers.myth	_	_	O	Q159666	_	_
13,	B-scope	_	B-scope	_	_	O	NIL	_	_
824,	I-scope	_	I-scope	_	_	O	NIL	_	Partial--4:3
der	O	_	O	_	_	O	_	_	_
ihn	O	_	O	_	_	O	_	_	_
dafür	O	_	O	_	_	O	_	_	_
ἁμαρτοεπτής,	O	_	O	_	_	O	_	_	_
Bovyatog	O	_	O	_	_	O	_	_	_
schilt.	O	_	O	_	_	O	_	_	EndOfLine
Den	O	_	O	_	_	O	_	_	_
ungemessenen	O	_	O	_	_	O	_	_	_
Heldenstolz	O	_	O	_	_	O	_	_	_
des	O	_	O	_	_	O	_	_	_
homerischen	O	_	O	_	_	O	_	_	_
Achilleus	B-pers	_	B-pers.myth	_	_	O	Q41746	_	_
überträgt	O	_	O	_	_	O	_	_	_
Sopho-	B-pers	_	B-pers.author	_	_	O	Q11950683	_	_
kles	I-pers	_	I-pers.author	_	_	O	Q11950683	_	_
auf	O	_	O	_	_	O	_	_	_
seinen	O	_	O	_	_	O	_	_	_
Aias,	B-work	_	B-work.primlit	_	_	O	Q412341	_	Partial-0:4
8.	O	_	O	_	_	O	_	_	_
zu	O	_	O	_	_	O	_	_	_
423	B-scope	_	B-scope	_	_	O	NIL	_	_
f.	I-scope	_	I-scope	_	_	O	NIL	_	EndOfLine
Er	O	_	O	_	_	O	_	_	_
selbst	O	_	O	_	_	O	_	_	_
hält	O	_	O	_	_	O	_	_	_
sich	O	_	O	_	_	O	_	_	_
für	O	_	O	_	_	O	_	_	_
den	O	_	O	_	_	O	_	_	_
Ersten	O	_	O	_	_	O	_	_	_
aller	O	_	O	_	_	O	_	_	_
Heiden,	O	_	O	_	_	O	_	_	_
und	O	_	O	_	_	O	_	_	_
die	O	_	O	_	_	O	_	_	_
Seinigen	O	_	O	_	_	O	_	_	_
theilen	O	_	O	_	_	O	_	_	_
diesen	O	_	O	_	_	O	_	_	_
Glauben,	O	_	O	_	_	O	_	_	_
vgl.	O	_	O	_	_	O	_	_	_
502.	B-scope	_	B-scope	_	_	O	NIL	_	Partial-0:3
636.	B-scope	_	B-scope	_	_	O	NIL	_	Partial-0:3
1415.	B-scope	_	B-scope	_	_	O	NIL	_	EndOfLine|Partial-0:4
Darin	O	_	O	_	_	O	_	_	_
hatten	O	_	O	_	_	O	_	_	_
die	O	_	O	_	_	O	_	_	_
nachhome-	O	_	O	_	_	O	_	_	_
rischen	O	_	O	_	_	O	_	_	_
Dichter	O	_	O	_	_	O	_	_	_
den	O	_	O	_	_	O	_	_	_
Weg	O	_	O	_	_	O	_	_	_
vorgezeichnet,	O	_	O	_	_	O	_	_	_
indem	O	_	O	_	_	O	_	_	_
sie	O	_	O	_	_	O	_	_	_
gerade	O	_	O	_	_	O	_	_	_
an	O	_	O	_	_	O	_	_	_
den	O	_	O	_	_	O	_	_	_
Rächern	O	_	O	_	_	O	_	_	_
des	O	_	O	_	_	O	_	_	_
vom	O	_	O	_	_	O	_	_	_
Paris	B-pers	_	B-pers.myth	_	_	O	Q167646	_	_
begangenen	O	_	O	_	_	O	_	_	_
Unrechtes	O	_	O	_	_	O	_	_	_
die	O	_	O	_	_	O	_	_	_
ethi-	O	_	O	_	_	O	_	_	_
sche	O	_	O	_	_	O	_	_	_
Grundwahrheit	O	_	O	_	_	O	_	_	_
von	O	_	O	_	_	O	_	_	_
unausbleiblicher	O	_	O	_	_	O	_	_	_
Strafe	O	_	O	_	_	O	_	_	_
für	O	_	O	_	_	O	_	_	_
jedes	O	_	O	_	_	O	_	_	_
Ueberschreiten	O	_	O	_	_	O	_	_	_
der	O	_	O	_	_	O	_	_	_
den	O	_	O	_	_	O	_	_	_
Sterblichen	O	_	O	_	_	O	_	_	_
von	O	_	O	_	_	O	_	_	_
höheren	O	_	O	_	_	O	_	_	_
Mächten	O	_	O	_	_	O	_	_	_
an-	O	_	O	_	_	O	_	_	_
gewiesenen	O	_	O	_	_	O	_	_	_
Schranken	O	_	O	_	_	O	_	_	_
veranschaulichten.	O	_	O	_	_	O	_	_	EndOfLine
Wenn	O	_	O	_	_	O	_	_	_
nun	O	_	O	_	_	O	_	_	_
die	O	_	O	_	_	O	_	_	_
Sie-	O	_	O	_	_	O	_	_	_
ger	O	_	O	_	_	O	_	_	_
theils	O	_	O	_	_	O	_	_	_
auf	O	_	O	_	_	O	_	_	_
der	O	_	O	_	_	O	_	_	_
Heimfahrt,	O	_	O	_	_	O	_	_	_
theils	O	_	O	_	_	O	_	_	_
bei	O	_	O	_	_	O	_	_	_
der	O	_	O	_	_	O	_	_	_
Rückkunft	O	_	O	_	_	O	_	_	_
ihre	O	_	O	_	_	O	_	_	_
im	O	_	O	_	_	O	_	_	_
Siegesübermulh	O	_	O	_	_	O	_	_	_
begangenen	O	_	O	_	_	O	_	_	_
Frevel	O	_	O	_	_	O	_	_	_
büssten,	O	_	O	_	_	O	_	_	_
so	O	_	O	_	_	O	_	_	_
verfiel	O	_	O	_	_	O	_	_	_
noch	O	_	O	_	_	O	_	_	_
vor	O	_	O	_	_	O	_	_	_
Troja	B-loc	_	B-loc	_	_	O	Q22647	_	_
Aias	B-pers	_	B-pers.myth	_	_	O	Q172725	_	_
schwerer	O	_	O	_	_	O	_	_	_
Züchtigung,	O	_	O	_	_	O	_	_	_
weil	O	_	O	_	_	O	_	_	_
er	O	_	O	_	_	O	_	_	_
οὐ	O	_	O	_	_	O	_	_	_
χατ᾽	O	_	O	_	_	O	_	_	_
ἂν-	O	_	O	_	_	O	_	_	_
ϑρωπον	O	_	O	_	_	O	_	_	_
ἐφρόνει,	O	_	O	_	_	O	_	_	_
Ai.	B-work	_	B-work.primlit	_	_	O	Q412341	_	_
777.	B-scope	_	B-scope	_	_	O	NIL	_	EndOfLine|Partial-0:3
Nach	O	_	O	_	_	O	_	_	_
Sophokles	B-pers	_	B-pers.author	_	_	O	Q11950683	_	_
hatte	O	_	O	_	_	O	_	_	_
er	O	_	O	_	_	O	_	_	_
einst	O	_	O	_	_	O	_	_	_
die	O	_	O	_	_	O	_	_	_
im	O	_	O	_	_	O	_	_	_
Drange	O	_	O	_	_	O	_	_	_
des	O	_	O	_	_	O	_	_	_
Kampfes	O	_	O	_	_	O	_	_	_
freundlich	O	_	O	_	_	O	_	_	_
dargebotene	O	_	O	_	_	O	_	_	_
Hülfe	O	_	O	_	_	O	_	_	_
der	O	_	O	_	_	O	_	_	_
Göttin	O	_	O	_	_	O	_	_	_
der	O	_	O	_	_	O	_	_	_
mit	O	_	O	_	_	O	_	_	_
Besonnenheit	O	_	O	_	_	O	_	_	_
gepaarten	O	_	O	_	_	O	_	_	_
Tapferkeit,	O	_	O	_	_	O	_	_	_
Pallas	B-pers	_	B-pers.myth	_	_	O	Q37122	_	_
Athene,	I-pers	_	I-pers.myth	_	_	O	Q37122	_	Partial--7:6
wie	O	_	O	_	_	O	_	_	_
beim	O	_	O	_	_	O	_	_	_
Auszuge	O	_	O	_	_	O	_	_	_
von	O	_	O	_	_	O	_	_	_
Salamis	B-loc	_	B-loc	_	_	O	Q202422	_	_
die	O	_	O	_	_	O	_	_	_
weisen	O	_	O	_	_	O	_	_	_
Mahnun-	O	_	O	_	_	O	_	_	_
gen	O	_	O	_	_	O	_	_	_
des	O	_	O	_	_	O	_	_	_
Vaters,	O	_	O	_	_	O	_	_	_
stets	O	_	O	_	_	O	_	_	_
der	O	_	O	_	_	O	_	_	_
Götter	O	_	O	_	_	O	_	_	_
eingedenk	O	_	O	_	_	O	_	_	_
zu	O	_	O	_	_	O	_	_	_
sein,	O	_	O	_	_	O	_	_	_
im	O	_	O	_	_	O	_	_	_
über-	O	_	O	_	_	O	_	_	_
schwänglichen	O	_	O	_	_	O	_	_	_
Vertrauen	O	_	O	_	_	O	_	_	_
auf	O	_	O	_	_	O	_	_	_
eigene	O	_	O	_	_	O	_	_	_
Körperkraft	O	_	O	_	_	O	_	_	_
keck	O	_	O	_	_	O	_	_	_
von	O	_	O	_	_	O	_	_	_
der	O	_	O	_	_	O	_	_	_
Hand	O	_	O	_	_	O	_	_	_
gewiesen,	O	_	O	_	_	O	_	_	_
Ai.	B-work	_	B-work.primlit	_	_	O	Q412341	_	_
760	B-scope	_	B-scope	_	_	O	NIL	_	_
ff.	I-scope	_	I-scope	_	_	O	NIL	_	EndOfLine
Als	O	_	O	_	_	O	_	_	_
nun	O	_	O	_	_	O	_	_	_
nach	O	_	O	_	_	O	_	_	_
Achilleus'	B-pers	_	B-pers.myth	_	_	O	Q41746	_	Partial-0:9
Tode	O	_	O	_	_	O	_	_	_
die	O	_	O	_	_	O	_	_	_
Waffenrüstung	O	_	O	_	_	O	_	_	_
des	O	_	O	_	_	O	_	_	_
Peliden	B-pers	_	B-pers.myth	_	_	O	Q41746	_	_
dem	O	_	O	_	_	O	_	_	_
würdigsten	O	_	O	_	_	O	_	_	_
der	O	_	O	_	_	O	_	_	_
Achäer	O	_	O	_	_	O	_	_	_
zufallen	O	_	O	_	_	O	_	_	_
soll,	O	_	O	_	_	O	_	_	_
da	O	_	O	_	_	O	_	_	_
ist	O	_	O	_	_	O	_	_	_
es	O	_	O	_	_	O	_	_	_
für	O	_	O	_	_	O	_	_	_
ihn,	O	_	O	_	_	O	_	_	_
den	O	_	O	_	_	O	_	_	_
Ebenbürtigen,	O	_	O	_	_	O	_	_	_
der	O	_	O	_	_	O	_	_	_
zumal	O	_	O	_	_	O	_	_	_
die	O	_	O	_	_	O	_	_	_
Leiche	O	_	O	_	_	O	_	_	_
des	O	_	O	_	_	O	_	_	_
Freundes	O	_	O	_	_	O	_	_	_
aus	O	_	O	_	_	O	_	_	_
Feindeshand	O	_	O	_	_	O	_	_	_
gerettet	O	_	O	_	_	O	_	_	_
zu	O	_	O	_	_	O	_	_	_
haben	O	_	O	_	_	O	_	_	_
behauptete,	O	_	O	_	_	O	_	_	_
eine	O	_	O	_	_	O	_	_	_
Lebensfrage,	O	_	O	_	_	O	_	_	_
da	O	_	O	_	_	O	_	_	_
er	O	_	O	_	_	O	_	_	_
nicht	O	_	O	_	_	O	_	_	_
ohne	O	_	O	_	_	O	_	_	_
τὰ	O	_	O	_	_	O	_	_	_
πρῶτα	O	_	O	_	_	O	_	_	_
χαλλιστεῖ᾽	O	_	O	_	_	O	_	_	_
ἀριστεῦσαι	O	_	O	_	_	O	_	_	_
στρατοῦ	O	_	O	_	_	O	_	_	_
dem	O	_	O	_	_	O	_	_	_
Telamon	B-pers	_	B-pers.myth	_	_	O	Q331327	_	_
unter	O	_	O	_	_	O	_	_	_
die	O	_	O	_	_	O	_	_	_
Au-	O	_	O	_	_	O	_	_	_
gen	O	_	O	_	_	O	_	_	_
zu	O	_	O	_	_	O	_	_	_
freien	O	_	O	_	_	O	_	_	_
wagen	O	_	O	_	_	O	_	_	_
durfte.	O	_	O	_	_	O	_	_	EndOfLine
Aber	O	_	O	_	_	O	_	_	_
gerade	O	_	O	_	_	O	_	_	_
da	O	_	O	_	_	O	_	_	_
greift	O	_	O	_	_	O	_	_	_
Pallas	B-pers	_	B-pers.myth	_	_	O	Q37122	_	_
ein,	O	_	O	_	_	O	_	_	_
um	O	_	O	_	_	O	_	_	_
ihn	O	_	O	_	_	O	_	_	_
durch	O	_	O	_	_	O	_	_	_
Entziehung	O	_	O	_	_	O	_	_	_
des	O	_	O	_	_	O	_	_	_
sonst	O	_	O	_	_	O	_	_	_
wohl	O	_	O	_	_	O	_	_	_
verdienten	O	_	O	_	_	O	_	_	_
Preises	O	_	O	_	_	O	_	_	_
je	O	_	O	_	_	O	_	_	_
unerwarteter	O	_	O	_	_	O	_	_	_
desto	O	_	O	_	_	O	_	_	_
zermalmender	O	_	O	_	_	O	_	_	_
zu	O	_	O	_	_	O	_	_	_
demüthigen,	O	_	O	_	_	O	_	_	_
indem	O	_	O	_	_	O	_	_	_
der	O	_	O	_	_	O	_	_	_
Vorzug	O	_	O	_	_	O	_	_	_
dem	O	_	O	_	_	O	_	_	_
Odysseus	B-pers	_	B-pers.myth	_	_	O	Q47231	_	_
zu	O	_	O	_	_	O	_	_	_
Theil	O	_	O	_	_	O	_	_	_
wird.	O	_	O	_	_	O	_	_	EndOfLine
2.	O	_	O	_	_	O	_	_	_
Sehen	O	_	O	_	_	O	_	_	_
wir,	O	_	O	_	_	O	_	_	_
um	O	_	O	_	_	O	_	_	_
über	O	_	O	_	_	O	_	_	_
die	O	_	O	_	_	O	_	_	_
poetischen	O	_	O	_	_	O	_	_	_
Motive	O	_	O	_	_	O	_	_	_
und	O	_	O	_	_	O	_	_	_
In-	O	_	O	_	_	O	_	_	_
tentionen	O	_	O	_	_	O	_	_	_
des	O	_	O	_	_	O	_	_	_
Dichters	O	_	O	_	_	O	_	_	_
sicherer	O	_	O	_	_	O	_	_	_
urtheilen	O	_	O	_	_	O	_	_	_
zu	O	_	O	_	_	O	_	_	_
können,	O	_	O	_	_	O	_	_	_
zunächst	O	_	O	_	_	O	_	_	_
zu,	O	_	O	_	_	O	_	_	_
woher	O	_	O	_	_	O	_	_	_
Sophokles	B-pers	_	B-pers.author	_	_	O	Q11950683	_	_
den	O	_	O	_	_	O	_	_	_
Stoff	O	_	O	_	_	O	_	_	_
entlehnt	O	_	O	_	_	O	_	_	_
und	O	_	O	_	_	O	_	_	_
in	O	_	O	_	_	O	_	_	_
welcher	O	_	O	_	_	O	_	_	_
Gestaltung	O	_	O	_	_	O	_	_	_
er	O	_	O	_	_	O	_	_	_
denselben	O	_	O	_	_	O	_	_	_
vorgefunden	O	_	O	_	_	O	_	_	_
habe.	O	_	O	_	_	O	_	_	EndOfLine

# document_id = sophokle1v3soph_0049
# title = Sophokles, erklärt
# author = Schneidewin, Friedrich Wilhelm
# publication_date = Leipzig
# publication_place = 1853
# page = 49
πιγξ,	O	_	O	_	_	O	_	_	_
Ns	O	_	O	_	_	O	_	_	_
τότ᾽	O	_	O	_	_	O	_	_	_
ἀριζήλη	O	_	O	_	_	O	_	_	_
φωνὴ	O	_	O	_	_	O	_	_	_
γέver	O	_	O	_	_	O	_	_	_
Αἰαχίδαο.	O	_	O	_	_	O	_	_	EndOfLine
19.	O	_	O	_	_	O	_	_	_
τῷ	O	_	O	_	_	O	_	_	_
σαχεςφόρῳ,	O	_	O	_	_	O	_	_	_
wegen	O	_	O	_	_	O	_	_	_
des	O	_	O	_	_	O	_	_	_
gewaltigen	O	_	O	_	_	O	_	_	_
Schildes	O	_	O	_	_	O	_	_	_
(572)	B-scope	_	B-scope	_	_	O	NIL	_	Partial-1:4
11.7,	B-work	_	B-work.primlit	_	_	B-scope	Q8275	_	Partial-0:3
219	I-scope	_	I-scope	_	_	O	NIL	_	_
ff.,	I-scope	_	I-scope	_	_	O	NIL	_	Partial--7:3
wodurch	O	_	O	_	_	O	_	_	_
er	O	_	O	_	_	O	_	_	_
von	O	_	O	_	_	O	_	_	_
dem	O	_	O	_	_	O	_	_	_
schnell-	O	_	O	_	_	O	_	_	_
füssigen	O	_	O	_	_	O	_	_	_
Lokrischen	O	_	O	_	_	O	_	_	_
Aias,	B-pers	_	B-pers.myth	_	_	O	Q242319	_	Partial-0:4
Oileus’	B-pers	_	B-pers.myth	_	_	O	Q975447	_	Partial-0:6
Sohn,	O	_	O	_	_	O	_	_	_
unterschieden	O	_	O	_	_	O	_	_	_
wird.	O	_	O	_	_	O	_	_	EndOfLine
Zu	O	_	O	_	_	O	_	_	_
die-	O	_	O	_	_	O	_	_	_
ser	O	_	O	_	_	O	_	_	_
Ehrenwalle	O	_	O	_	_	O	_	_	_
bildet	O	_	O	_	_	O	_	_	_
die	O	_	O	_	_	O	_	_	_
μάστιξ	O	_	O	_	_	O	_	_	_
des	O	_	O	_	_	O	_	_	_
später	O	_	O	_	_	O	_	_	_
als	O	_	O	_	_	O	_	_	_
μαστιγοφόρος	O	_	O	_	_	O	_	_	_
her-	O	_	O	_	_	O	_	_	_
austreienden	O	_	O	_	_	O	_	_	_
wahnsinnigen	O	_	O	_	_	O	_	_	_
Helden	O	_	O	_	_	O	_	_	_
einen	O	_	O	_	_	O	_	_	_
grellen	O	_	O	_	_	O	_	_	_
Gegensatz.	O	_	O	_	_	O	_	_	EndOfLine
21.	O	_	O	_	_	O	_	_	_
ὃ	O	_	O	_	_	O	_	_	_
σκοπόν,	O	_	O	_	_	O	_	_	_
unerklärlich,	O	_	O	_	_	O	_	_	_
dunkel,	O	_	O	_	_	O	_	_	_
mit	O	_	O	_	_	O	_	_	_
Bezug	O	_	O	_	_	O	_	_	_
auf	O	_	O	_	_	O	_	_	_
νυχτός,	O	_	O	_	_	O	_	_	_
vgl.	O	_	O	_	_	O	_	_	_
40.	B-scope	_	B-scope	_	_	O	NIL	_	Partial-0:2
Von	O	_	O	_	_	O	_	_	_
hier	O	_	O	_	_	O	_	_	_
an	O	_	O	_	_	O	_	_	_
folgt	O	_	O	_	_	O	_	_	_
Od.	O	_	O	_	_	O	_	_	_
der	O	_	O	_	_	O	_	_	_
Aufforderung	O	_	O	_	_	O	_	_	_
12.	B-scope	_	B-scope	_	_	O	NIL	_	EndOfLine|Partial-0:2
23.	O	_	O	_	_	O	_	_	_
11.2,	B-work	_	B-work.primlit	_	_	B-scope	Q8275	_	Partial-0:3
486	I-scope	_	I-scope	_	_	O	NIL	_	_
ἡμεῖς	O	_	O	_	_	O	_	_	_
δὲ	O	_	O	_	_	O	_	_	_
κλέος	O	_	O	_	_	O	_	_	_
οἷον	O	_	O	_	_	O	_	_	_
ἀκούομεν	O	_	O	_	_	O	_	_	_
“οὐδέ	O	_	O	_	_	O	_	_	_
τι	O	_	O	_	_	O	_	_	_
tduer.	O	_	O	_	_	O	_	_	EndOfLine
25.	O	_	O	_	_	O	_	_	_
γάρ	O	_	O	_	_	O	_	_	_
gcht	O	_	O	_	_	O	_	_	_
auf	O	_	O	_	_	O	_	_	_
21	B-scope	_	B-scope	_	_	O	NIL	_	_
πρᾶγος	O	_	O	_	_	O	_	_	_
ἄσκοπον	O	_	O	_	_	O	_	_	_
ἔχει	O	_	O	_	_	O	_	_	_
περάνας	O	_	O	_	_	O	_	_	_
zurück,	O	_	O	_	_	O	_	_	_
in-	O	_	O	_	_	O	_	_	_
dem	O	_	O	_	_	O	_	_	_
23.	B-scope	_	B-scope	_	_	O	NIL	_	EndOfLine|Partial-0:2
24	B-scope	_	B-scope	_	_	O	NIL	_	_
zur	O	_	O	_	_	O	_	_	_
nähern	O	_	O	_	_	O	_	_	_
Erläuterung	O	_	O	_	_	O	_	_	_
von	O	_	O	_	_	O	_	_	_
εἴπερ	O	_	O	_	_	O	_	_	_
εἴργασται	O	_	O	_	_	O	_	_	_
τάδε	O	_	O	_	_	O	_	_	_
(das	O	_	O	_	_	O	_	_	_
Folgende,	O	_	O	_	_	O	_	_	_
Ant.	B-work	_	B-work.primlit	_	_	O	Q241077	_	_
229)	B-scope	_	B-scope	_	_	O	NIL	_	Partial-0:3
dienen.	O	_	O	_	_	O	_	_	EndOfLine
Man	O	_	O	_	_	O	_	_	_
beachte	O	_	O	_	_	O	_	_	_
das	O	_	O	_	_	O	_	_	_
viermalige	O	_	O	_	_	O	_	_	_
γάρ	O	_	O	_	_	O	_	_	_
seit	O	_	O	_	_	O	_	_	_
20.	B-scope	_	B-scope	_	_	O	NIL	_	EndOfLine|Partial-0:2
21.ἐκ	O	_	O	_	_	O	_	_	_
χειρός,	O	_	O	_	_	O	_	_	_
vonMenschen-	O	_	O	_	_	O	_	_	_
hand	O	_	O	_	_	O	_	_	_
hingestreckt,	O	_	O	_	_	O	_	_	_
nicht	O	_	O	_	_	O	_	_	_
von	O	_	O	_	_	O	_	_	_
wilden	O	_	O	_	_	O	_	_	_
Thieren	O	_	O	_	_	O	_	_	_
zerrissen.	O	_	O	_	_	O	_	_	EndOfLine
Die	O	_	O	_	_	O	_	_	_
Hir-	O	_	O	_	_	O	_	_	_
ten	O	_	O	_	_	O	_	_	_
lässt	O	_	O	_	_	O	_	_	_
Soph.	B-pers	_	B-pers.author	_	_	O	Q11950683	_	_
mitgemordet	O	_	O	_	_	O	_	_	_
sein	O	_	O	_	_	O	_	_	_
(231),	B-scope	_	B-scope	_	_	O	NIL	_	Partial-1:4
weil	O	_	O	_	_	O	_	_	_
sie	O	_	O	_	_	O	_	_	_
sonst	O	_	O	_	_	O	_	_	_
den	O	_	O	_	_	O	_	_	_
Thäter	O	_	O	_	_	O	_	_	_
hätten	O	_	O	_	_	O	_	_	_
verrathen	O	_	O	_	_	O	_	_	_
können.	O	_	O	_	_	O	_	_	EndOfLine
Mit	O	_	O	_	_	O	_	_	_
&rzı-	O	_	O	_	_	O	_	_	_
στάταις	O	_	O	_	_	O	_	_	_
vgl.	O	_	O	_	_	O	_	_	_
O.	B-work	_	B-work.primlit	_	_	O	NIL	_	_
R.	I-work	_	I-work.primlit	_	_	O	NIL	_	_
1028.	B-scope	_	B-scope	_	_	O	NIL	_	EndOfLine|Partial-0:4
28.	O	_	O	_	_	O	_	_	_
Statt	O	_	O	_	_	O	_	_	_
γέμει	O	_	O	_	_	O	_	_	_
Laur.	O	_	O	_	_	O	_	_	_
TEL.	O	_	O	_	_	O	_	_	EndOfLine
ϑ0.πη	O	_	O	_	_	O	_	_	_
δῶν	O	_	O	_	_	O	_	_	_
nedie,	O	_	O	_	_	O	_	_	_
dieEbene	O	_	O	_	_	O	_	_	_
durchstürmen,	O	_	O	_	_	O	_	_	_
wie	O	_	O	_	_	O	_	_	_
845	B-scope	_	B-scope	_	_	O	NIL	_	_
διφρη-	O	_	O	_	_	O	_	_	_
λατεῖν	O	_	O	_	_	O	_	_	_
τὸν	O	_	O	_	_	O	_	_	_
οὐρανόν,	O	_	O	_	_	O	_	_	_
vgl.	O	_	O	_	_	O	_	_	_
164.	B-scope	_	B-scope	_	_	O	NIL	_	EndOfLine|Partial-0:3
31.	O	_	O	_	_	O	_	_	_
poaleı	O	_	O	_	_	O	_	_	_
re	O	_	O	_	_	O	_	_	_
κἀδήλωσεν,	O	_	O	_	_	O	_	_	_
verkündet	O	_	O	_	_	O	_	_	_
und	O	_	O	_	_	O	_	_	_
gab	O	_	O	_	_	O	_	_	_
danndie	O	_	O	_	_	O	_	_	_
näheren	O	_	O	_	_	O	_	_	_
Umstände	O	_	O	_	_	O	_	_	_
an.	O	_	O	_	_	O	_	_	EndOfLine
Prä-	O	_	O	_	_	O	_	_	_
sens	O	_	O	_	_	O	_	_	_
neben	O	_	O	_	_	O	_	_	_
Aor.,	O	_	O	_	_	O	_	_	_
wie	O	_	O	_	_	O	_	_	_
Ant.	B-work	_	B-work.primlit	_	_	O	Q241077	_	_
406.	B-scope	_	B-scope	_	_	O	NIL	_	EndOfLine|Partial-0:3
32f.	O	_	O	_	_	O	_	_	_
zar’	O	_	O	_	_	O	_	_	_
ἴχνος	O	_	O	_	_	O	_	_	_
ἄσσω,	O	_	O	_	_	O	_	_	_
vgl.	O	_	O	_	_	O	_	_	_
6.	B-scope	_	B-scope	_	_	O	NIL	_	_
20.	I-scope	_	I-scope	_	_	O	NIL	_	EndOfLine|Partial--3:2
—	O	_	O	_	_	O	_	_	_
σημαίνομαι,	O	_	O	_	_	O	_	_	_
τεχμαί-	O	_	O	_	_	O	_	_	_
gouct,lege	O	_	O	_	_	O	_	_	_
ich	O	_	O	_	_	O	_	_	_
miraus,	O	_	O	_	_	O	_	_	_
ἐξιχνο-	O	_	O	_	_	O	_	_	_
σχοποῦμαι	O	_	O	_	_	O	_	_	_
997.	B-scope	_	B-scope	_	_	O	NIL	_	EndOfLine|Partial-0:3
Odysseus	B-pers	_	B-pers.myth	_	_	O	Q47231	_	_
erkennt	O	_	O	_	_	O	_	_	_
aus	O	_	O	_	_	O	_	_	_
den	O	_	O	_	_	O	_	_	_
Spuren,	O	_	O	_	_	O	_	_	_
dass	O	_	O	_	_	O	_	_	_
Aias	B-pers	_	B-pers.myth	_	_	O	Q172725	_	_
der	O	_	O	_	_	O	_	_	_
Thä-	O	_	O	_	_	O	_	_	_
ter	O	_	O	_	_	O	_	_	_
ist,	O	_	O	_	_	O	_	_	_
aber	O	_	O	_	_	O	_	_	_
den	O	_	O	_	_	O	_	_	_
Grund	O	_	O	_	_	O	_	_	_
des	O	_	O	_	_	O	_	_	_
wahn-	O	_	O	_	_	O	_	_	_
sinnigen	O	_	O	_	_	O	_	_	_
Sehlachtens	O	_	O	_	_	O	_	_	_
und	O	_	O	_	_	O	_	_	_
Forttrei-	O	_	O	_	_	O	_	_	_
bens	O	_	O	_	_	O	_	_	_
der	O	_	O	_	_	O	_	_	_
Thiere	O	_	O	_	_	O	_	_	_
erkennt	O	_	O	_	_	O	_	_	_
er	O	_	O	_	_	O	_	_	_
nicht	O	_	O	_	_	O	_	_	_
(τὰ	O	_	O	_	_	O	_	_	_
δέ),	O	_	O	_	_	O	_	_	_
bevor	O	_	O	_	_	O	_	_	_
ihn	O	_	O	_	_	O	_	_	_
Athene	B-pers	_	B-pers.myth	_	_	O	Q37122	_	_
belehrt.	O	_	O	_	_	O	_	_	EndOfLine
—	O	_	O	_	_	O	_	_	_
χοὺχ	O	_	O	_	_	O	_	_	_
ἔχω	O	_	O	_	_	O	_	_	_
U.	O	_	O	_	_	O	_	_	_
ὅτου,	O	_	O	_	_	O	_	_	_
ὅτου	O	_	O	_	_	O	_	_	_
μάϑω	O	_	O	_	_	O	_	_	_
ταῦτα,	O	_	O	_	_	O	_	_	_
wesshalb	O	_	O	_	_	O	_	_	_
du	O	_	O	_	_	O	_	_	_
mir	O	_	O	_	_	O	_	_	_
ge-	O	_	O	_	_	O	_	_	_
rade	O	_	O	_	_	O	_	_	_
recht	O	_	O	_	_	O	_	_	_
kommst,	O	_	O	_	_	O	_	_	_
vgl.	O	_	O	_	_	O	_	_	_
378.	B-scope	_	B-scope	_	_	O	NIL	_	EndOfLine|Partial-0:3
Das	O	_	O	_	_	O	_	_	_
rathlose	O	_	O	_	_	O	_	_	_
Staunen	O	_	O	_	_	O	_	_	_
des.	O	_	O	_	_	O	_	_	_
Od.	B-pers	_	B-pers.myth	_	_	O	Q47231	_	_
drückt	O	_	O	_	_	O	_	_	_
sich	O	_	O	_	_	O	_	_	_
in	O	_	O	_	_	O	_	_	_
der	O	_	O	_	_	O	_	_	_
bei	O	_	O	_	_	O	_	_	_
den	O	_	O	_	_	O	_	_	_
älteren	O	_	O	_	_	O	_	_	_
Dich-	O	_	O	_	_	O	_	_	_
tern	O	_	O	_	_	O	_	_	_
seltenen	O	_	O	_	_	O	_	_	_
Verbindung	O	_	O	_	_	O	_	_	_
mit	O	_	O	_	_	O	_	_	_
dem	O	_	O	_	_	O	_	_	_
Inf.	O	_	O	_	_	O	_	_	_
aus,	O	_	O	_	_	O	_	_	_
weiss	O	_	O	_	_	O	_	_	_
nicht	O	_	O	_	_	O	_	_	_
von	O	_	O	_	_	O	_	_	_
wem	O	_	O	_	_	O	_	_	_
erfahren,	O	_	O	_	_	O	_	_	_
wie	O	_	O	_	_	O	_	_	_
ἐν	O	_	O	_	_	O	_	_	_
ἀπόρῳ	O	_	O	_	_	O	_	_	_
εἶχον	O	_	O	_	_	O	_	_	EndOfLine
Α	O	_	O	_	_	O	_	_	_
τρέ-	O	_	O	_	_	O	_	_	EndOfLine

# document_id = sophokle1v3soph_0085
# title = Sophokles, erklärt
# author = Schneidewin, Friedrich Wilhelm
# publication_date = Leipzig
# publication_place = 1853
# page = 85
524.	O	_	O	_	_	O	_	_	_
Tekmessa	B-pers	_	B-pers.myth	_	_	O	Q10796858	_	_
deutet	O	_	O	_	_	O	_	_	_
auf	O	_	O	_	_	O	_	_	_
480	B-scope	_	B-scope	_	_	O	NIL	_	_
zurück,	O	_	O	_	_	O	_	_	_
woraus	O	_	O	_	_	O	_	_	_
sich	O	_	O	_	_	O	_	_	_
£zı	O	_	O	_	_	O	_	_	_
erklärt,	O	_	O	_	_	O	_	_	_
ἃ.	O	_	O	_	_	O	_	_	_
h.	O	_	O	_	_	O	_	_	_
eis	O	_	O	_	_	O	_	_	_
τὸ	O	_	O	_	_	O	_	_	_
ἑξῆς.	O	_	O	_	_	O	_	_	EndOfLine
525.	O	_	O	_	_	O	_	_	_
κἀγώ,	O	_	O	_	_	O	_	_	_
El.	B-work	_	B-work.primlit	_	_	O	Q733444	_	EndOfLine
527.	O	_	O	_	_	O	_	_	_
Aias	B-pers	_	B-pers.myth	_	_	O	Q172725	_	_
will	O	_	O	_	_	O	_	_	_
gern	O	_	O	_	_	O	_	_	_
Tekmessa	B-pers	_	B-pers.myth	_	_	O	Q10796858	_	_
versprechen,	O	_	O	_	_	O	_	_	_
leben	O	_	O	_	_	O	_	_	_
zu	O	_	O	_	_	O	_	_	_
wollen,	O	_	O	_	_	O	_	_	_
sondern,	O	_	O	_	_	O	_	_	_
wie	O	_	O	_	_	O	_	_	_
er	O	_	O	_	_	O	_	_	_
παρὰ	O	_	O	_	_	O	_	_	_
προςδοκίαν	O	_	O	_	_	O	_	_	_
hinzufügt,	O	_	O	_	_	O	_	_	_
wenn	O	_	O	_	_	O	_	_	_
sie	O	_	O	_	_	O	_	_	_
ihm	O	_	O	_	_	O	_	_	_
in	O	_	O	_	_	O	_	_	_
allen	O	_	O	_	_	O	_	_	_
Stücken	O	_	O	_	_	O	_	_	_
folgsam	O	_	O	_	_	O	_	_	_
sei.	O	_	O	_	_	O	_	_	EndOfLine
Er	O	_	O	_	_	O	_	_	_
sorgt,	O	_	O	_	_	O	_	_	_
sie	O	_	O	_	_	O	_	_	_
möge	O	_	O	_	_	O	_	_	_
ihm	O	_	O	_	_	O	_	_	_
den	O	_	O	_	_	O	_	_	_
Eurysakes	B-pers	_	B-pers.myth	_	_	O	Q1378566	_	_
vorent-	O	_	O	_	_	O	_	_	_
halten;	O	_	O	_	_	O	_	_	_
deutet	O	_	O	_	_	O	_	_	_
aber	O	_	O	_	_	O	_	_	_
zugleich	O	_	O	_	_	O	_	_	_
ver-	O	_	O	_	_	O	_	_	_
steckt	O	_	O	_	_	O	_	_	_
auf	O	_	O	_	_	O	_	_	_
das,	O	_	O	_	_	O	_	_	_
was	O	_	O	_	_	O	_	_	_
er	O	_	O	_	_	O	_	_	_
für	O	_	O	_	_	O	_	_	_
seine	O	_	O	_	_	O	_	_	_
ungestörte	O	_	O	_	_	O	_	_	_
Vorbereitung	O	_	O	_	_	O	_	_	_
zum	O	_	O	_	_	O	_	_	_
Tode	O	_	O	_	_	O	_	_	_
wünscht.	O	_	O	_	_	O	_	_	EndOfLine
528.	O	_	O	_	_	O	_	_	_
Beachte	O	_	O	_	_	O	_	_	_
die	O	_	O	_	_	O	_	_	_
Allitteration.	O	_	O	_	_	O	_	_	EndOfLine
1301.	O	_	O	_	_	O	_	_	EndOfLine
591.	O	_	O	_	_	O	_	_	_
ἐξελυσάμην,	O	_	O	_	_	O	_	_	_
τοῦ	O	_	O	_	_	O	_	_	_
φόβου	O	_	O	_	_	O	_	_	_
χάρων,	O	_	O	_	_	O	_	_	_
δύσασϑαι	O	_	O	_	_	O	_	_	_
ϑέλουσα,	O	_	O	_	_	O	_	_	_
ἐξήγα-	O	_	O	_	_	O	_	_	_
γον	O	_	O	_	_	O	_	_	_
Schol.	O	_	O	_	_	O	_	_	_
Danach	O	_	O	_	_	O	_	_	_
hat	O	_	O	_	_	O	_	_	_
Hermann	B-pers	_	B-pers.other	_	_	O	Q77616	_	_
ἐξερρυσάμην	O	_	O	_	_	O	_	_	_
geschrieben.	O	_	O	_	_	O	_	_	EndOfLine
532.	O	_	O	_	_	O	_	_	_
Aias	B-pers	_	B-pers.myth	_	_	O	Q172725	_	_
hat	O	_	O	_	_	O	_	_	_
im	O	_	O	_	_	O	_	_	_
Sinne	O	_	O	_	_	O	_	_	_
den	O	_	O	_	_	O	_	_	_
ar-	O	_	O	_	_	O	_	_	_
gen	O	_	O	_	_	O	_	_	_
Gedanken,	O	_	O	_	_	O	_	_	_
den	O	_	O	_	_	O	_	_	_
Tekmessa	B-pers	_	B-pers.myth	_	_	O	Q10796858	_	_
aus-	O	_	O	_	_	O	_	_	_
spricht,	O	_	O	_	_	O	_	_	_
aber	O	_	O	_	_	O	_	_	_
er	O	_	O	_	_	O	_	_	_
kann	O	_	O	_	_	O	_	_	_
ihn	O	_	O	_	_	O	_	_	_
nicht,	O	_	O	_	_	O	_	_	_
er	O	_	O	_	_	O	_	_	_
hinter	O	_	O	_	_	O	_	_	_
χαχοῖσιν	O	_	O	_	_	O	_	_	_
abbricht.	O	_	O	_	_	O	_	_	EndOfLine
‚34.	O	_	O	_	_	O	_	_	_
ἔπρεπε	O	_	O	_	_	O	_	_	_
τῇ	O	_	O	_	_	O	_	_	_
παρούσῃ	O	_	O	_	_	O	_	_	_
μου	O	_	O	_	_	O	_	_	_
τύχῃ	O	_	O	_	_	O	_	_	_
τὸ	O	_	O	_	_	O	_	_	_
καὶ	O	_	O	_	_	O	_	_	_
αὐτόχειρά	O	_	O	_	_	O	_	_	_
μὲ	O	_	O	_	_	O	_	_	_
τοῦ	O	_	O	_	_	O	_	_	_
παιδὸς	O	_	O	_	_	O	_	_	_
κατασχευάσαι	O	_	O	_	_	O	_	_	_
Schol.	O	_	O	_	_	O	_	_	EndOfLine
Der	O	_	O	_	_	O	_	_	_
Genitiv	O	_	O	_	_	O	_	_	_
bei	O	_	O	_	_	O	_	_	_
πρέπον	O	_	O	_	_	O	_	_	_
nach	O	_	O	_	_	O	_	_	_
Analogie	O	_	O	_	_	O	_	_	_
von	O	_	O	_	_	O	_	_	_
ἄξιον,	O	_	O	_	_	O	_	_	_
wie	O	_	O	_	_	O	_	_	_
Plat.	B-pers	_	B-pers.author	_	_	O	Q859	_	_
Menex.	B-work	_	B-work.primlit	_	_	O	Q1474843	_	_
239	B-scope	_	B-scope	_	_	O	NIL	_	_
c	I-scope	_	I-scope	_	_	O	NIL	_	_
πρεπόντως	O	_	O	_	_	O	_	_	_
τῶν	O	_	O	_	_	O	_	_	_
πραξάντων.	O	_	O	_	_	O	_	_	_
Vgl.	O	_	O	_	_	O	_	_	_
Krüger	B-pers	_	B-pers.author	_	_	O	NIL	_	_
Gr.	B-work	_	B-work.seclit	_	_	O	NIL	_	_
48,	B-scope	_	B-scope	_	_	O	NIL	_	Partial-0:2
13,	B-scope	_	B-scope	_	_	O	NIL	_	Partial-0:2
Α.	B-scope	_	B-scope	_	_	O	NIL	_	_
10.	I-scope	_	I-scope	_	_	O	NIL	_	EndOfLine|Partial--3:2

# document_id = sophokle1v3soph_0125
# title = Sophokles, erklärt
# author = Schneidewin, Friedrich Wilhelm
# publication_date = Leipzig
# publication_place = 1853
# page = 125
licher,	O	_	O	_	_	O	_	_	_
da	O	_	O	_	_	O	_	_	_
die	O	_	O	_	_	O	_	_	_
Polizeisoldaten,	O	_	O	_	_	O	_	_	_
meist	O	_	O	_	_	O	_	_	_
skythische	O	_	O	_	_	O	_	_	_
Barbaren,	O	_	O	_	_	O	_	_	_
denselben	O	_	O	_	_	O	_	_	_
Namen	O	_	O	_	_	O	_	_	_
führten.	O	_	O	_	_	O	_	_	EndOfLine
1124.	O	_	O	_	_	O	_	_	_
Deine	O	_	O	_	_	O	_	_	_
Zunge	O	_	O	_	_	O	_	_	_
nährt	O	_	O	_	_	O	_	_	_
(lässt	O	_	O	_	_	O	_	_	_
wachsen)	O	_	O	_	_	O	_	_	_
deinenMuth	O	_	O	_	_	O	_	_	_
wie	O	_	O	_	_	O	_	_	_
gewaltig!	O	_	O	_	_	O	_	_	_
du	O	_	O	_	_	O	_	_	_
hast	O	_	O	_	_	O	_	_	_
es	O	_	O	_	_	O	_	_	_
sehr	O	_	O	_	_	O	_	_	_
in	O	_	O	_	_	O	_	_	_
Worten,	O	_	O	_	_	O	_	_	_
bist	O	_	O	_	_	O	_	_	_
ein	O	_	O	_	_	O	_	_	_
Maulheld.	O	_	O	_	_	O	_	_	EndOfLine
1125.	O	_	O	_	_	O	_	_	_
ξὺν	O	_	O	_	_	O	_	_	_
τῷ	O	_	O	_	_	O	_	_	_
dıx.,	O	_	O	_	_	O	_	_	_
vgl.	O	_	O	_	_	O	_	_	_
Phil.	B-work	_	B-work.primlit	_	_	O	Q1415903	_	_
1251.	B-scope	_	B-scope	_	_	O	NIL	_	EndOfLine|Partial-0:4
1127.	O	_	O	_	_	O	_	_	_
χτείναντα,	O	_	O	_	_	O	_	_	_
so	O	_	O	_	_	O	_	_	_
viel	O	_	O	_	_	O	_	_	_
an	O	_	O	_	_	O	_	_	_
ihm	O	_	O	_	_	O	_	_	_
lag,	O	_	O	_	_	O	_	_	_
5.	O	_	O	_	_	O	_	_	_
97	B-scope	_	B-scope	_	_	O	NIL	_	_
ff.	I-scope	_	I-scope	_	_	O	NIL	_	_
und	O	_	O	_	_	O	_	_	_
vgl.	O	_	O	_	_	O	_	_	_
970.	B-scope	_	B-scope	_	_	O	NIL	_	Partial-0:3
1128	O	_	O	_	_	O	_	_	_
τῷδε	O	_	O	_	_	O	_	_	_
οἴχομαι.	O	_	O	_	_	O	_	_	EndOfLine
Menelaos’	B-pers	_	B-pers.myth	_	_	O	Q171839	_	Partial-0:8
unvor-	O	_	O	_	_	O	_	_	_
sichtiger	O	_	O	_	_	O	_	_	_
Ausdruck	O	_	O	_	_	O	_	_	_
giebt	O	_	O	_	_	O	_	_	_
dem	O	_	O	_	_	O	_	_	_
Teu-	B-pers	_	B-pers.myth	_	_	O	Q878184	_	_
kros,	I-pers	_	I-pers.myth	_	_	O	Q878184	_	Partial--5:4
wie	O	_	O	_	_	O	_	_	_
öfter	O	_	O	_	_	O	_	_	_
in	O	_	O	_	_	O	_	_	_
diesem	O	_	O	_	_	O	_	_	_
Wort-	O	_	O	_	_	O	_	_	_
wechsel,	O	_	O	_	_	O	_	_	_
Gelegenheit	O	_	O	_	_	O	_	_	_
zur	O	_	O	_	_	O	_	_	_
Verhöh-	O	_	O	_	_	O	_	_	_
nung.	O	_	O	_	_	O	_	_	EndOfLine
Mit	O	_	O	_	_	O	_	_	_
δεινόν	O	_	O	_	_	O	_	_	_
γ᾽	O	_	O	_	_	O	_	_	_
eines	O	_	O	_	_	O	_	_	_
vgl.	O	_	O	_	_	O	_	_	_
Phil.	B-work	_	B-work.primlit	_	_	O	Q1415903	_	_
1225.	B-scope	_	B-scope	_	_	O	NIL	_	Partial-0:4
0.	B-work	_	B-work.primlit	_	_	O	Q294001	_	_
C.	I-work	_	I-work.primlit	_	_	O	Q294001	_	_
861.	B-scope	_	B-scope	_	_	O	NIL	_	Partial-0:3
—	O	_	O	_	_	O	_	_	_
zei:	O	_	O	_	_	O	_	_	_
gehört	O	_	O	_	_	O	_	_	_
zu	O	_	O	_	_	O	_	_	_
ϑανών.	O	_	O	_	_	O	_	_	EndOfLine
1128.	O	_	O	_	_	O	_	_	_
τῷδε,	O	_	O	_	_	O	_	_	_
vgl.	O	_	O	_	_	O	_	_	_
970.	B-scope	_	B-scope	_	_	O	NIL	_	EndOfLine|Partial-0:3
1180,	B-scope	_	B-scope	_	_	O	NIL	_	Partial-0:4
ὧν	O	_	O	_	_	O	_	_	_
ψέξαιμι,	O	_	O	_	_	O	_	_	_
ich	O	_	O	_	_	O	_	_	_
sollte	O	_	O	_	_	O	_	_	_
..,	O	_	O	_	_	O	_	_	_
fragt	O	_	O	_	_	O	_	_	_
Men.	B-pers	_	B-pers.myth	_	_	O	Q171839	_	_
verwundert,	O	_	O	_	_	O	_	_	_
da	O	_	O	_	_	O	_	_	_
er	O	_	O	_	_	O	_	_	_
nicht	O	_	O	_	_	O	_	_	_
begreift,	O	_	O	_	_	O	_	_	_
wodurch	O	_	O	_	_	O	_	_	_
er	O	_	O	_	_	O	_	_	_
die	O	_	O	_	_	O	_	_	_
göttlichen	O	_	O	_	_	O	_	_	_
Satzungen	O	_	O	_	_	O	_	_	_
(vgl.	O	_	O	_	_	O	_	_	_
1343.	B-scope	_	B-scope	_	_	O	NIL	_	_
Ant.	B-work	_	B-work.primlit	_	_	O	Q241077	_	_
450	B-scope	_	B-scope	_	_	O	NIL	_	_
ff.	I-scope	_	I-scope	_	_	O	NIL	_	_
1070	B-scope	_	B-scope	_	_	O	NIL	_	_
ff.)	I-scope	_	I-scope	_	_	O	NIL	_	Partial--5:3
missachten	O	_	O	_	_	O	_	_	_
sollte,	O	_	O	_	_	O	_	_	_
worauf	O	_	O	_	_	O	_	_	_
ihm	O	_	O	_	_	O	_	_	_
Teukros	B-pers	_	B-pers.myth	_	_	O	Q878184	_	_
sagt,	O	_	O	_	_	O	_	_	_
inwie-	O	_	O	_	_	O	_	_	_
fern	O	_	O	_	_	O	_	_	_
er	O	_	O	_	_	O	_	_	_
dieses	O	_	O	_	_	O	_	_	_
thue,	O	_	O	_	_	O	_	_	_
wogegen	O	_	O	_	_	O	_	_	_
sich	O	_	O	_	_	O	_	_	_
dann	O	_	O	_	_	O	_	_	_
Men.	B-pers	_	B-pers.myth	_	_	O	Q171839	_	_
verantwortet.	O	_	O	_	_	O	_	_	EndOfLine
Teukros	B-pers	_	B-pers.myth	_	_	O	Q878184	_	_
erweitert	O	_	O	_	_	O	_	_	_
den	O	_	O	_	_	O	_	_	_
speciellen	O	_	O	_	_	O	_	_	_
Gedanken	O	_	O	_	_	O	_	_	_
durch	O	_	O	_	_	O	_	_	_
ϑαγνόντας,	O	_	O	_	_	O	_	_	_
um	O	_	O	_	_	O	_	_	_
Menelaos’	B-pers	_	B-pers.myth	_	_	O	Q171839	_	Partial-0:8
Gottlosigkeit	O	_	O	_	_	O	_	_	_
in	O	_	O	_	_	O	_	_	_
desto	O	_	O	_	_	O	_	_	_
grelleres	O	_	O	_	_	O	_	_	_
Licht	O	_	O	_	_	O	_	_	_
zu	O	_	O	_	_	O	_	_	_
stellen.	O	_	O	_	_	O	_	_	EndOfLine
1131.	O	_	O	_	_	O	_	_	_
εἰ	O	_	O	_	_	O	_	_	_
οὐκ	O	_	O	_	_	O	_	_	_
Eds	O	_	O	_	_	O	_	_	_
ϑάπτειν,	O	_	O	_	_	O	_	_	_
näml.	O	_	O	_	_	O	_	_	_
ψέγεις	O	_	O	_	_	O	_	_	_
dam.	O	_	O	_	_	O	_	_	_
νόμους.	O	_	O	_	_	O	_	_	EndOfLine
—	O	_	O	_	_	O	_	_	_
Ueber	O	_	O	_	_	O	_	_	_
παρών	O	_	O	_	_	O	_	_	_
sagt	O	_	O	_	_	O	_	_	_
Hermann:	B-pers	_	B-pers.other	_	_	O	Q77616	_	Partial-0:7
„Est	O	_	O	_	_	O	_	_	_
in	O	_	O	_	_	O	_	_	_
huiusmodi	O	_	O	_	_	O	_	_	_
additamentis	O	_	O	_	_	O	_	_	_
saepe	O	_	O	_	_	O	_	_	_
indignalionis	O	_	O	_	_	O	_	_	_
quaedam	O	_	O	_	_	O	_	_	_
significa-	O	_	O	_	_	O	_	_	_
tio,	O	_	O	_	_	O	_	_	_
similiter	O	_	O	_	_	O	_	_	_
ut	O	_	O	_	_	O	_	_	_
cum	O	_	O	_	_	O	_	_	_
nos	O	_	O	_	_	O	_	_	_
dieimus:	O	_	O	_	_	O	_	_	_
wenn	O	_	O	_	_	O	_	_	_
du	O	_	O	_	_	O	_	_	_
kommst,	O	_	O	_	_	O	_	_	_
und	O	_	O	_	_	O	_	_	_
die	O	_	O	_	_	O	_	_	_
Todten	O	_	O	_	_	O	_	_	_
nicht	O	_	O	_	_	O	_	_	_
willst	O	_	O	_	_	O	_	_	_
begraben	O	_	O	_	_	O	_	_	_
lassen.	O	_	O	_	_	O	_	_	_
‘“	O	_	O	_	_	O	_	_	_
Vgl.	O	_	O	_	_	O	_	_	_
331.	B-scope	_	B-scope	_	_	O	NIL	_	Partial-0:3
1098.	B-scope	_	B-scope	_	_	O	NIL	_	EndOfLine|Partial-0:4
